업체명,위도,경도
베스티호텔,35.12819599,128.8539747
대저캠핑장,35.21594699,128.9910806
대저생태공원캠핑장,35.20741419,128.9847474
공항하숙,35.18070548,128.9557911
에어포트호텔,35.16569198,128.9545073
초롱블루펜션,35.0153664,128.8344939
썬앤문풀빌라,35.01548277,128.8341854
파도소리,35.01621381,128.834598
하늘과바다,35.01490389,128.8339249
썬앤문풀빌라,35.01541542,128.834292
가덕도새바지펜션,35.01469828,128.8344362
대항체험마을민박,35.01166947,128.8276588
섬마을장어구이펜션,35.01415788,128.8275994
대항펜션,35.01373969,128.8274268
대항민박,35.01312713,128.827622
W모텔,35.10080432,128.9289018
비엠텔모텔,35.0989412,128.9280046
마틴호텔,35.10112933,128.9285519
JK호텔,35.10020443,128.9285144
모텔 제타,35.10393706,128.9294126
모텔 마르,35.10393697,128.9294125
헤리티지디자인호텔,35.10036501,128.928637
디자인팝 모텔,35.0990703,128.9279906
씨사이드모텔,35.09830653,128.9277224
비엠텔모텔,35.0989531,128.9280048
브라운도트호텔 명지점,35.09919408,128.92803
넘버25호텔,35.09402639,128.9081885
더포인트호텔,35.09340432,128.908121
호텔오유,35.09218239,128.9017599
오이아호텔명지,35.093931,128.9001002
씨엘오션호텔,35.09073409,128.9020713
신라스테이,35.09670494,128.9052621
넘버25호텔 명지오션시티점 비즈니스,35.08047764,128.9029945
오션시티호텔,35.08091563,128.9029961
사이버모텔,35.08268928,128.9042159
호텔프렌치코드,35.08361971,128.9042136
레전드호텔,35.15964789,128.8639555
마글램핑장,35.1535571,128.8790459
베스트루이스해밀턴호텔 서부산점,35.1468498,128.8788042
장항펜션,35.05567769,128.8064334
대한상공회의소부산인력개발원,35.09132893,128.8488466
성고개산장,35.11083486,128.8530819
벨라지오모텔,35.086613,128.8811579
IW모텔,35.08660413,128.8802745
호텔더메이,35.08661568,128.8793305
2월호텔,35.0866038,128.8789326
S모텔,35.08661107,128.878301
블랑비즈니스호텔,35.0869795,128.8813332
까르페호텔,35.08661741,128.8807388
호텔에그,35.0866149,128.8786857
2월호텔 강서신관,35.08700356,128.8810578
모모까르페호텔,35.08661741,128.8807388
브라운도트호텔,35.08331539,128.8707373
더브레인호텔,35.08173773,128.8722958
호텔더원,35.08289233,128.8709693
V호텔,35.08639646,128.8807192
비지니스호텔,35.08639259,128.8811301
펀모텔,35.08638903,128.8801047
브이모텔,35.08639751,128.8807306
이그니스호텔,35.08637727,128.8793003
굿프라임호텔,35.14997988,128.8309512
헤르몬호텔,35.15009789,128.8322324
투썸게스트하우스앤펜션,35.04294899,128.8096954
우리펜션,35.02566624,128.8163069
어울림쉼터펜션,35.02280798,128.8145275
갈릴리펜션,35.03046001,128.8146009
카리브의일몰,35.03344314,128.8111763
우진펜션,35.0315126,128.8123775
가덕도그린빌펜션,35.03744273,128.8133261
전원별장,35.03697853,128.8140856
가덕부들펜션,35.03166293,128.8247616
로뎀펜션,35.03174159,128.8241144
꿈에그린펜션,35.0320609,128.8242522
자연애펜션,35.03179172,128.8248
가덕도펜션민박,35.02841583,128.8176455
초록펜션,35.02659721,128.8168296
노을빛펜션,35.02731297,128.8186208
은행나무펜션,35.02668722,128.8167941
가덕도힐링민박펜션,35.02727428,128.8162801
펜션GALLERY가덕,35.03410714,128.8225881
백수장,35.24362832,129.0875086
호텔G&G,35.24486672,129.0919301
카카오호텔,35.24438044,129.0914817
호텔캔들,35.2449448,129.0904558
제니스호텔,35.2449823,129.0907235
제니스호텔,35.24497552,129.0907183
쇼모텔,35.24602969,129.0917448
호텔야자,35.24743924,129.0916896
9월호텔,35.24787274,129.0916538
보브호텔,35.247583,129.0916855
넘버25호텔,35.24798471,129.0916546
로즈베이호텔,35.24786181,129.0916692
브라운도트 호텔 구서역점,35.24796884,129.0918741
티에스호텔,35.25682316,129.0909085
호텔프렌치코드,35.24489876,129.0922909
호텔시카고,35.25719867,129.0908739
파크모텔,35.25668701,129.0920876
목화장여관,35.25772178,129.0906196
드림모텔,35.22077248,129.1125727
천우장,35.21982244,129.1116956
V1모텔,35.21633713,129.1106617
V1모텔,35.21632982,129.1106485
새동진장여관,35.21398014,129.1094521
조이게스트하우스,35.21409549,129.1094291
새동진장여관,35.21396062,129.1094485
조이,35.21409206,129.1094288
휴앤고게스트하우스,35.24936983,129.0588925
부산학생교육원,35.25926999,129.0438168
쏭하우스,35.25812807,129.0916247
본우효덕수련원,35.26643882,129.0924331
스포원파크재난안전체험관,35.29362772,129.1067686
이데아호텔,35.2250157,129.0912549
기찰탕여관,35.2384543,129.0928986
라찌모텔,35.24258278,129.0911854
이화모텔,35.21541627,129.1087541
젠모텔,35.21513983,129.1065015
파래스,35.21509207,129.1056031
제이아트빌,35.21521624,129.1057643
늘푸른,35.21479468,129.1073521
부림모텔,35.21442326,129.1075125
헤이브호텔,35.21481219,129.1080432
초원장,35.21472819,129.107152
삼성여인숙,35.21541721,129.1022397
목란장,35.21430893,129.1081439
호텔 블랑,35.21500571,129.107687
넘버25호텔,35.21482716,129.10752
마이홈모텔,35.21505069,129.1068185
굿타임,35.2140279,129.1050332
장미별장여관,35.214175,129.1052743
베니스모텔,35.21391911,129.105935
진영장,35.21402869,129.1060549
청림모텔,35.21395424,129.106671
쉐르빌모텔,35.21376459,129.1061925
진영모텔,35.2140373,129.1060647
아마존모텔,35.21331442,129.1068925
그랜드모텔,35.21380844,129.1070393
몽블랑모텔,35.21396675,129.1075696
마모텔,35.21399983,129.1071283
금오별장,35.21391246,129.1074344
동산여인숙,35.21766907,129.0963963
OPENTHEDOOR,35.21593158,129.1006992
제일여인숙,35.21661418,129.1021231
동진여관,35.21400816,129.1031485
아젤리아,35.21516884,129.1055245
빙고모텔,35.21528673,129.1056637
목화모텔,35.25771326,129.0906073
동평장여관,35.22502779,129.0817899
새온천모텔찜질방,35.2240551,129.0815247
송원장,35.22376332,129.0814923
우보,35.22359422,129.0814342
금성여인숙,35.2250455,129.0819666
쉴라게스트하우스,35.23660168,129.0836898
BUSANSPAGUESTHOUSE,35.23490211,129.0833713
단디하우스부산대,35.23491329,129.087658
부산사랑게스트하우스,35.23098012,129.0862534
태양,35.22286211,129.0846472
웁스모텔,35.2242952,129.0851221
아젤리아,35.22372824,129.0844432
올레모텔,35.22357183,129.0842698
로망스모텔,35.22272369,129.0861081
맥스모텔,35.22261418,129.0848461
모텔델루나,35.22440026,129.082447
HOTELYOUAIN,35.22321721,129.0843749
대도여관,35.22343918,129.0842094
아라모텔,35.22245892,129.0848261
아레스모텔,35.22338369,129.0844811
만리장여관,35.22384332,129.0830621
에어비앤비니하오부산,35.2342498,129.0887575
태광 달방,35.22217112,129.0863136
팔레스모텔,35.27706461,129.088686
청룡여관,35.27537144,129.0891245
유성장모텔,35.27569492,129.0890979
범어장,35.27393681,129.0918485
범어장모텔,35.27393827,129.0918193
에스모텔,35.2775317,129.0891817
니즈호텔,35.2744981,129.0899731
그루브펜션,35.18619159,129.2080752
모닝블루펜션,35.18480567,129.2125121
바다애펜션,35.18604169,129.2133248
오시리아펜션,35.18812494,129.2177743
시나몬하우스앤카페,35.18452008,129.2113171
가온펜션,35.1844777,129.2127078
타샤모텔,35.23486816,129.2152805
골든베이펜션,35.22131533,129.2270667
고마펜션,35.23499608,129.2432792
본레브연화리330풀빌라앤호텔,35.21559526,129.2229761
MVG모텔,35.21392038,129.2220218
전망좋은집,35.22515777,129.2288831
연화리관광호텔,35.21559526,129.2229761
호텔오즈,35.22075941,129.2271744
타이드어웨이풀빌라,35.18217092,129.2085278
연화리330 POOL VILLA Bon reve,35.21558798,129.2229938
로드엠게스트하우스펜션,35.22374937,129.2310754
연화펜션,35.21366559,129.2218632
지앤지모텔,35.21419613,129.222202
MVG무인텔,35.2139435,129.2220125
아난티 힐튼 부산,35.19795241,129.2280692
꿈의궁전모텔,35.22228138,129.2270277
오즈모텔,35.2207852,129.2271806
별이그린바다펜션,35.18223994,129.2110845
아난티코브,35.19973708,129.22865
필모텔,35.21377212,129.2219608
숲속농원,35.21903124,129.1828651
기장숲속농원캠프,35.21882078,129.1829515
사랑애펜션,35.23775114,129.2416983
휴인펜션,35.18455021,129.2102251
더하루펜션,35.18525193,129.2104981
마루하우스펜션,35.18618548,129.2108578
아라하우스펜션,35.18397327,129.2095241
더베이펜션,35.18436889,129.2101493
솔레이펜션,35.18372558,129.2096279
브라이트펜션,35.1846836,129.2102984
부산라메르펜션,35.18491747,129.2103747
백용펜션,35.18474468,129.2099886
더펜션502,35.18814181,129.2113813
해오름펜션,35.18782476,129.2112324
J&J하우스,35.18796486,129.2113093
바우하우스펜션,35.18480392,129.2098608
송정로뎀나무펜션,35.18485999,129.2095295
메종펜션,35.18394728,129.209296
그루브펜션,35.18611091,129.208151
GB코티지,35.1855167,129.2093375
오시리아인펜션,35.18516607,129.2093698
엘티움,35.18598512,129.2095581
송정 메이플하우스,35.18544856,129.2095472
송정드림펜션,35.18494196,129.2092725
팰리스모텔,35.23391641,129.2188739
더원모텔,35.22715554,129.2270725
하얀둥지펜션,35.2274257,129.2268482
더캐슬해운대비치,35.22680247,129.2213595
해운대비치골프앤리조트,35.22750673,129.22575
올리브모텔,35.23409002,129.2185079
비너스모텔,35.23313818,129.2191334
부산 기장 휴,35.23479568,129.215477
시랑리129펜션,35.19664328,129.2249174
돌담집그곳,35.19594168,129.2231
드림하우스펜션,35.24026608,129.2478811
죽성여관,35.24069847,129.2471192
TOC모텔,35.25135363,129.2082617
모텔헤이데이,35.24929092,129.2097105
베스트루이스해밀턴호텔 기장점,35.24951122,129.2096433
2001HAMILTONHOTEL,35.24947386,129.2095375
모텔헤이데이,35.24928498,129.2097099
베스트루이스해밀턴호텔,35.24946788,129.2095269
서랑펜션,35.20102999,129.2059
펜션드리머,35.21697178,129.2253055
필모텔,35.21613866,129.2249753
엔줄리오펜션,35.2153393,129.2231287
기장브라운도트펜션,35.21792679,129.2254973
IW모텔,35.22049782,129.2273042
브라운도트호텔,35.21789346,129.22571
넘버이십오,35.21918249,129.2264024
엔쥴리오,35.21530937,129.2231286
초콜릿,35.21637501,129.2251359
초콜릿모텔,35.21643343,129.2251298
기장호텔,35.24148239,129.2144519
테마,35.24201229,129.2151228
루이스호텔,35.24167138,129.2157481
기장루이스호텔,35.24173549,129.215798
드림모텔,35.2530168,129.2143901
호텔리안,35.25038237,129.2137116
부띠끄호텔 오월로,35.25010344,129.2136728
브룩스호텔,35.25067491,129.2135032
부띠끄호텔 오월로,35.25010921,129.2136787
이데아호텔,35.25362273,129.2143276
2PM호텔,35.25074703,129.2137006
큐모텔,35.25059418,129.2141236
HOTEL페오,35.25316662,129.2139845
짱모텔,35.25112852,129.2137112
넘버25호텔,35.25229656,129.2142802
힐모텔,35.25295621,129.2145426
이지고글램핑,35.27931701,129.2020381
지오클럽캠핑장,35.25771827,129.2357055
일광민박딴따라,35.26290854,129.2335084
민캠프힐링오토캠핑장,35.28975511,129.2344849
사랑채캠프,35.25906518,129.2339539
일광추억이머무르는곳,35.26257492,129.232687
테라스,35.26081708,129.2331247
일출민박,35.25957291,129.2332452
속시원한대구탕,35.26057537,129.2332445
채움펜션,35.30331368,129.2584342
일광온정바다,35.28284033,129.2583936
메모리펜션,35.28278644,129.2592046
바다펜션,35.28278066,129.258697
비치하임펜션,35.30734392,129.2589104
몽블랑모텔,35.26447598,129.2336108
캐슬모텔,35.26491276,129.2337386
쉼표모텔,35.26474117,129.2346141
해변24편의점,35.2640334,129.2344786
해나무민박,35.2626697,129.2332637
늘봄모텔,35.26582452,129.233977
즐거운민박,35.26383724,129.2343323
삼성장펜션,35.26328944,129.2335718
제이스펜션&글램핑,35.27724586,129.2343007
일광하우스,35.26493239,129.2385515
바베네캠핑장,35.27293273,129.2535064
일광펜션,35.31267275,129.2612869
까페카라반,35.30914968,129.2592798
기장메이트펜션,35.31081929,129.2600777
모아펜션,35.31252254,129.2612205
리버사이드펜션,35.29293062,129.2596678
일광메모리펜션,35.28283169,129.2590806
사계절펜션,35.31166766,129.2604364
드메르펜션,35.2923648,129.2598971
바다하우스,35.29346477,129.2598241
별장민박,35.3122733,129.2612304
큐모텔,35.2641028,129.2333035
알로하펜션,35.29389668,129.2601787
발리모텔,35.26206704,129.2315489
아셀펜션,35.26179764,129.2327962
어베인,35.26122324,129.2330551
1872팡시온펜션,35.25775916,129.2435827
부산해운대1872팡시온,35.25773869,129.2435454
메르쏭하우스,35.25807928,129.2432716
하루펜션,35.25859718,129.2433438
고운학리펜션,35.25835087,129.2431815
라고마르펜션,35.25891439,129.2434036
하운드호텔,35.26552711,129.2305381
농촌체험민박집,35.2964199,129.2025782
일광횡계민박,35.27170254,129.222095
엔젤앤가든,35.32483556,129.270191
길천여인숙,35.32687594,129.283682
산수유,35.36885054,129.2459056
늘봄펜션,35.34719821,129.2413723
만석꾼캠핑장,35.33110731,129.2711622
월내태양민박,35.32614394,129.2772528
달빛펜션,35.31859452,129.2632604
아름민박집,35.3182258,129.2631794
해변민박,35.31776609,129.2629941
임랑별장민박,35.31711904,129.2625183
성남편의점민박,35.32063136,129.2659866
선민박,35.31824836,129.2637955
한바다민박,35.31789191,129.263312
임랑펜션형브이민박,35.32042177,129.2658064
더뷰펜션,35.31670959,129.2625779
양지민박,35.31898708,129.2638711
임랑태양민박,35.3175556,129.263172
동부산온천호텔,35.34336416,129.2531894
산장가든,35.36840787,129.246617
장안사민박형펜션,35.34845494,129.2536186
한옥펜션금수동,35.34466882,129.2532313
금관글램핑,35.34359963,129.253861
장원민박,35.34819263,129.2537714
수드,35.36582222,129.2490417
금관가든,35.34358314,129.253817
장안캠프,35.3421815,129.2523192
동부산온천호텔,35.34333574,129.2531717
루나펜션,35.3635823,129.250344
엔젤앤가든,35.32503924,129.2708113
해파랑민박,35.32096957,129.2668787
보리수펜션,35.32512177,129.2710794
더무빙카라반캠핑,35.32266612,129.2700949
텐트오브미팅,35.32402981,129.2736679
오투펜션,35.32187198,129.2679362
얀카라반펜션,35.32156866,129.2672237
기장문화예절학교,35.32554346,129.2682629
호수아펜션민박,35.32136008,129.2667894
휴펜션,35.37055583,129.2444009
다란향 한옥,35.31514631,129.1715894
호텔다온,35.3212147,129.1799899
큐브모텔,35.3212428,129.179862
파크모텔,35.32181376,129.1803163
기장군청소년수련관,35.31111144,129.1997541
병산골목장캠핑,35.34530836,129.1877889
초원숲속글램핑,35.34537339,129.1877351
초원숲속야영장,35.34507392,129.1877069
호수글램핑,35.34646376,129.1851427
k2모텔,35.31610069,129.1821329
브라운도트호텔,35.31611203,129.1817517
호텔라움,35.3160994,129.1809748
호텔썸,35.31610989,129.181374
더원호텔,35.31639229,129.1842866
호텔여기어때,35.31622426,129.1827183
부산꿈틀어린이텃밭학교,35.27780524,129.146678
낙원농원,35.33627132,129.1268525
실베네집,35.23616044,129.1765641
진주당혜,35.2916654,129.1669688
부산유아놀이꿈터,35.27265561,129.1577857
영남장여관,35.11849224,129.0793084
신라장여관,35.11644331,129.0813704
새여관,35.1178686,129.0798068
리베모텔,35.13574794,129.092109
우성빌,35.1356371,129.0925842
남일여인숙,35.13560894,129.0921476
브이모텔,35.13528827,129.0862611
호텔스미스,35.13521422,129.0849343
보스코호텔,35.13535219,129.0873566
스테이 로드12,35.13554001,129.0874999
빈센트게스트하우스,35.12837791,129.0919259
엠파크모텔,35.13538306,129.087835
어린왕자,35.14112853,129.1005194
풍조장여관,35.13487097,129.0839417
호텔브라운도트 대연점,35.13453381,129.0892951
호텔뮤리,35.13547057,129.0908831
낙원모텔,35.13553131,129.0907202
황금모텔,35.13461686,129.0904076
뮤트호텔,35.13464742,129.0907994
그린하우스,35.13490958,129.094663
장미하우스,35.13500836,129.0945078
히딩크원룸,35.13771426,129.1057581
MAYHOUSE,35.13417062,129.0987066
초이스게스트하우스,35.13374326,129.0999151
부산해피하우스,35.13751598,129.1024834
더훈애견호텔,35.1377159,129.1021402
용궁모텔,35.12998202,129.0913517
코리아호텔,35.13275907,129.0923112
이데아호텔,35.13191378,129.0924305
킴스하우스,35.13387259,129.0928229
KIMSHOUSEBUSAN2ND,35.13385763,129.0926373
호텔더그랑,35.13477312,129.0937138
꿈모텔,35.13476252,129.0938887
UV모텔,35.13467223,129.0914777
아젤리아모텔,35.13450026,129.0888764
유니콘모텔,35.1346684,129.0916322
대연동 한스빌,35.13465118,129.0911649
지앤지호텔,35.13460158,129.0900052
제트호텔,35.13463791,129.0909951
K모텔,35.13464223,129.0913184
루이모텔,35.13445751,129.0878116
웰킨호텔,35.1345972,129.0901742
호텔온나,35.13441344,129.0915211
DYDCOZYHOUSE,35.13965034,129.0838484
MAMANDAUGHTERHOUSE,35.1326236,129.0887641
부산게스트닷컴,35.14082653,129.0690799
T호텔,35.13756926,129.066685
범일여인숙,35.14175932,129.0649752
부산국제금융연수원,35.14649532,129.0658659
블루모텔,35.13781958,129.0696365
낙원모텔,35.13760206,129.0702526
산해모텔,35.13744963,129.0697071
부산 문현동 그랜드,35.1375142,129.0699773
블루모텔,35.13772539,129.0694948
클라우드나인,35.13768783,129.0700003
정성호텔,35.13764753,129.0694224
브이모텔,35.13773947,129.0671398
보브호텔,35.13756941,129.0669388
노던베이게스트하우스,35.13017206,129.0679146
태양모텔,35.14626724,129.0671184
선샤인하우스,35.14626724,129.0671184
아바니센트럴부산,35.14837957,129.065239
엔터모텔,35.13748767,129.0671589
데레사의집,35.13939698,129.0693276
문현모텔,35.13547909,129.0685579
대화장여관,35.11316092,129.0942048
오륙도여관,35.11429012,129.0949907
용당별장여관,35.11329644,129.0943135
한국해양수산연수원,35.11251462,129.1022739
용호서울모텔,35.12065547,129.1125603
부산해군회관,35.10486567,129.1162479
호텔시카고,35.11867923,129.1111579
SEALIZARD,35.11753837,129.1152394
네잎클로버,35.13131356,129.1133891
오륙도게스트하우스,35.10399841,129.1182619
성운장여관,35.11428231,129.1107893
노블레스모텔,35.11830681,129.1111214
베니스모텔,35.11871312,129.1114093
가든장모텔,35.11370616,129.1108046
넘버25호텔,35.11852927,129.1112952
여우하우스,35.12037086,129.1117922
서울모텔,35.12060939,129.112561
젠하우스,35.11515197,129.1113346
이기대외국인숙소,35.1189426,129.1122489
다해게스트하우스,35.1227472,129.1119905
게스트하우스,35.12631011,129.1082483
우암여관,35.12582043,129.0708113
ENJOYBUSAN,35.13907149,129.0484465
힐티장,35.14065981,129.0556499
엔젤여관,35.141401,129.0556237
금옥여인숙,35.14115043,129.0557862
영광숙박,35.14076529,129.0556089
신유아트빌모텔,35.13927072,129.0589658
안드레연수원,35.13091171,129.0593022
황토방모텔,35.13872003,129.0609962
수채화모텔,35.13872579,129.0616192
송림장여관,35.13843734,129.0607675
틴토호텔,35.13830679,129.0607742
허브모텔,35.13877091,129.0589071
프린스호텔,35.13929949,129.0588743
오지게스트하우스,35.13904227,129.0585653
현대,35.13929496,129.0585261
삼오여관,35.13830388,129.0584156
정원장,35.13814517,129.0586212
클라우디아,35.13909484,129.0585299
천지장여관,35.13949438,129.058345
낙원여인숙,35.13731506,129.0597627
CC호텔,35.13749011,129.0606487
U모텔,35.13766137,129.0610439
산수모텔,35.13777822,129.0604073
U모텔,35.13765203,129.0610411
산수모텔,35.13777816,129.0604072
화신장여관,35.13653407,129.0620319
대성그린빌,35.13664622,129.0619482
동일장,35.13668509,129.0616747
일루리삿,35.13569086,129.0631591
자성마이홈,35.13665954,129.0621745
명성황토빌,35.1368384,129.0618118
잭팟,35.13685731,129.0625763
명성황토빌,35.1368384,129.0618118
황규성,35.13575779,129.0639812
모텔369,35.13486904,129.0621177
코리아시티관광호텔,35.1380428,129.0635292
미진모텔,35.13975763,129.0610287
청운모텔,35.13951918,129.0610059
미진모텔,35.13975049,129.0610228
지앤지모텔,35.13927687,129.0632679
호텔라메르,35.14050523,129.0623238
범일동 W,35.14006786,129.0617786
하운드호텔,35.14018498,129.061939
라메르관광호텔,35.14048123,129.0622834
센스빌모텔,35.14077157,129.0621698
라온호텔,35.14032664,129.061896
와이,35.1406394,129.0617704
루이스호텔,35.14039166,129.0620139
금호펠리스,35.14019441,129.0616829
나포리모텔,35.13843013,129.0602848
리젠시모텔,35.13870614,129.0607582
나포리,35.13842423,129.0602808
스토리하우스,35.13844313,129.0604789
K7모텔,35.13855096,129.0605
허브모텔,35.13842203,129.0606193
해동모텔,35.14012607,129.0602694
리젠시모텔,35.13871811,129.0607673
리치모텔,35.1385407,129.0607998
삼성장여관,35.13613372,129.0556784
더디자인,35.14076661,129.056945
영모텔,35.13648271,129.0557433
대동여인숙,35.1402081,129.0560995
더디자인,35.14058208,129.0569841
브라운도트 호텔 범일점,35.14027189,129.056931
브라운도트호텔,35.14027189,129.056931
프린스모텔,35.1174461,129.0404349
송림장,35.13843727,129.0607677
힐모텔,35.12793217,129.0459675
힐모텔,35.12795883,129.0459622
꿈모텔,35.12952793,129.0475848
수정여관,35.12564541,129.0442417
초량리빙텔,35.12250494,129.0421433
보건탕,35.12542534,129.0430162
보영여관,35.12717796,129.0459749
경남여인숙,35.12754479,129.0457944
동구진로교육지원센터,35.12757021,129.0480407
월성여인숙,35.13032769,129.0496354
프라임관광호텔,35.13058708,129.0502138
동명여인숙,35.1302343,129.0495424
브라운도트 호텔 부산진역점,35.12952113,129.048421
영빈관모텔,35.12952093,129.0479497
청명여인숙,35.12961756,129.0480293
수정장여관,35.12531392,129.0435385
동원장여관,35.12564929,129.0436893
수정장여관,35.12531391,129.0435385
본모텔,35.13210928,129.0514041
경북여인숙,35.13397037,129.0546199
부산항힐링야영장,35.11408836,129.0503409
베스트인시티호텔,35.12030724,129.0414928
나우빌,35.12012003,129.040283
노떼라미아호텔,35.11184173,129.0397668
씨앤씨모텔,35.11310246,129.0370603
민트파라다이스,35.11304351,129.0373579
INN부산,35.1141472,129.0376759
씨엔씨여관,35.11309666,129.0370628
멕시멈호텔,35.11592723,129.0393263
마리나레지던스호텔,35.11553521,129.0388643
구봉여인숙,35.11515237,129.0390855
본역여인숙,35.11433791,129.0384915
물레,35.11267844,129.0375148
게스트하우스큐브,35.11462842,129.0385976
복성여관,35.11457684,129.0383635
남양장,35.1153894,129.0387808
장춘모텔,35.11340772,129.0380368
알프스모텔,35.1152711,129.0390936
크리스탈낮잠,35.11634374,129.0398186
대림장,35.11574613,129.0389543
거창여인숙,35.11294614,129.0377908
더월드,35.1125883,129.0377192
황금빌라,35.11299684,129.0378672
프리차,35.11615687,129.0341787
이바구캠프,35.11918333,129.0283125
이바구캠프,35.11915903,129.0285237
게스트하우스트라팔가,35.12314393,129.0350982
까꼬막체험센터,35.12298066,129.035773
이바구충전소,35.11736277,129.0346707
오름,35.11690236,129.0351089
세느모텔,35.11271338,129.0375962
동원여관,35.11292116,129.0365685
게스트하우스코리아 부산역점,35.11751607,129.0414816
새여관,35.11918692,129.041455
테마모텔,35.11913921,129.041251
웰컴부산,35.11934293,129.0414953
미라벨모텔,35.11366132,129.0384222
마리나레지던스,35.11371712,129.0369946
이데아호텔,35.11215514,129.0401919
모나코모텔,35.1126008,129.040072
부산역비즈니스호텔,35.11239691,129.0399828
팝콘호텔,35.11269459,129.0395025
오름 레지던스 호텔,35.1124026,129.0402156
이데아호텔,35.11212426,129.0401031
대원모텔,35.11663874,129.0379092
테레목호스텔,35.11564069,129.0383326
테레목호스텔,35.11563939,129.0383357
동일장모텔,35.11546379,129.0378214
동일장모텔,35.11546159,129.0378315
미래장,35.11507712,129.038941
미래장,35.11508233,129.0389429
온팍스레지던스,35.11319226,129.0405547
탑모텔,35.11335134,129.0403744
라마다앙코르부산역호텔,35.11430257,129.0403367
원웨이게스트하우스 부산점,35.11413947,129.0401455
코인모텔,35.11345391,129.0404196
호텔코코,35.11399908,129.0403372
힐모텔,35.11335134,129.0403744
오렌지게스트하우스 부산역점,35.11367076,129.0405183
모찌호스텔,35.11319844,129.0405223
아몬드호텔,35.11377512,129.0406566
탑모텔,35.11325689,129.040336
토요코인 부산역1,35.11415906,129.0407606
부산뷰호텔,35.11337896,129.0405489
퀸모텔,35.1158758,129.0391947
까무스모텔,35.11564503,129.0390421
부영장여관,35.11673159,129.0399836
청우여인숙,35.11636681,129.039451
더웨이호텔,35.11626509,129.0393245
서울모텔,35.11678074,129.0398553
호텔26,35.11667806,129.039755
서울여관,35.11684456,129.0398495
아리아모텔,35.11647811,129.0387307
브라운도트호텔,35.11634076,129.0383925
3.6.9 모텔,35.11660109,129.0413912
369모텔,35.11659428,129.0413948
부산인모텔,35.11652083,129.0415268
아스티호텔,35.11617411,129.0417928
파밀리에게스트하우스,35.11639371,129.041285
광장관광호텔,35.11619244,129.0413443
코리아나모텔,35.11724523,129.0399424
대구여관,35.1173101,129.0398184
은하모텔,35.11741119,129.0398661
소호스텔,35.11710372,129.0416127
첵앤아웃게스트하우스,35.11755611,129.0416017
숨게스트하우스,35.11757902,129.0416361
코리안모텔,35.11753814,129.0401639
태아장모텔,35.11769539,129.040114
프린스모텔,35.11744607,129.040435
진주여인숙,35.1178373,129.040405
프린스모텔,35.11744607,129.040435
보라장,35.11784224,129.0405127
목화모텔,35.11821419,129.0395666
더비에스호텔,35.11856186,129.0425935
센텀모텔,35.1184087,129.0425212
케이게스트,35.11810172,129.0423707
하운드호텔 부산역,35.11775044,129.0426829
플러스모텔,35.11875401,129.0409266
세종장여관,35.11949973,129.042628
장안여관,35.12055424,129.0431888
호텔그레이초량,35.12210939,129.0443324
호텔포레,35.12258841,129.0445878
호텔포레 부산역점,35.12257601,129.0446127
OJ모텔,35.1238101,129.0453933
동해장여관,35.11894293,129.039534
서채,35.11949676,129.0309317
무진장여관,35.11883781,129.0396469
황금여인숙,35.11659924,129.0388549
스마일모텔,35.11673391,129.0390275
단테하우스B,35.11663762,129.0389709
샤이어호텔,35.11763698,129.0399496
귀빈모텔,35.11570063,129.0387527
스마일모텔,35.11673391,129.0390275
디노호텔,35.11587351,129.0387715
마이호스텔 부산역점,35.11581904,129.0385736
콜모텔,35.11608219,129.0386183
궁중손칼국수,35.11678579,129.0390744
오션모텔,35.11560152,129.0386132
썬모텔,35.11595208,129.0384489
단테라운지,35.11661577,129.0389658
단비,35.11951694,129.0405523
한림양식당,35.11915372,129.040691
힐코모텔,35.11945996,129.0406798
만복장여관,35.11955094,129.0406791
황진이,35.11927068,129.0405475
만복장여관,35.1195509,129.0406791
만수장,35.11932041,129.0404441
갑진여인숙,35.11970507,129.0394659
유진장모텔,35.119845,129.0392501
갑진여인숙,35.11970772,129.0394599
CHORYANG38,35.12168984,129.0345615
이스튼모텔,35.11959507,129.0390441
힐모텔,35.12133226,129.0397502
신부여인숙,35.12118593,129.0392959
로얄장여관,35.11766486,129.038798
산동여관,35.11665209,129.0384699
부산숙박닷컴,35.11715373,129.0385214
필모텔,35.11782509,129.0388609
게스트하우스 싱글싱글,35.11370828,129.0368101
Inside Busan Hostel,35.11340821,129.0360857
워라밸게스트하우스,35.11317473,129.0362672
태림하우스,35.11400751,129.0366828
Elephant House,35.11344213,129.0363969
부산숙박닷컴,35.11714316,129.0385157
대원장여관,35.1165128,129.0379225
주식회사 모닝듀,35.11417796,129.0364591
정하우스,35.11460321,129.0374652
도원장여관,35.11892367,129.0390269
동신장여관,35.11892558,129.0388133
한길여인숙,35.11886264,129.0394528
르컬렉티브G7바이어반스테이,35.11645529,129.0459152
스위트모텔,35.20141838,129.0881829
꿈모텔,35.2013744,129.0880579
프린스모텔,35.20137336,129.0880551
리베모텔,35.20053444,129.087462
희망타운빌,35.20140507,129.0885514
수림모텔,35.20122752,129.0881067
명조여관,35.20568707,129.0825106
향수장여관,35.20495312,129.0826179
락모텔,35.20483979,129.0821971
COCO모텔,35.20394651,129.083671
가자2,35.20473296,129.0828039
가자,35.2048618,129.0827205
MEGAMOTEL,35.20516412,129.0826781
헬로,35.20485831,129.0830224
남도여인숙,35.20403256,129.0835377
로망모텔,35.20486599,129.08269
꿈모텔,35.20473987,129.0827719
지엔지모텔,35.20436659,129.0833661
보브모텔,35.20454579,129.0832239
호텔아마레,35.20468963,129.0831113
에덴모텔,35.20413842,129.0836397
브이모텔,35.20508832,129.0829454
계림장여관,35.20454846,129.0822474
삼육구모텔,35.20444908,129.0835178
토토모텔,35.20426506,129.0838011
명조여관,35.20677564,129.0825676
동성,35.20607041,129.0837393
전망좋은민박게스트하우스,35.21267189,129.099115
보림모텔,35.20393788,129.1014678
서호모텔,35.202866,129.0994536
롯데모텔,35.20992859,129.1046825
청록장,35.20384149,129.1012297
동래구평생학습관,35.21152834,129.0956968
해피홈스테이,35.20569656,129.088553
현대여인숙,35.20432462,129.0853123
보람게스트하우스,35.1980562,129.0521547
THEANTIQUE,35.20003036,129.0666361
크리스탈모텔,35.20124108,129.0847325
은성여관,35.20265821,129.0877332
한일장,35.20316289,129.0841292
귀빈장,35.20274121,129.0844604
더빌,35.20276762,129.084316
세븐브릿지,35.20163699,129.0861289
로망스모텔,35.20196013,129.0858529
화성,35.20252856,129.0859648
동성여인숙,35.20246274,129.0862271
블루힐모텔,35.20040574,129.085257
마모텔,35.20198818,129.0876892
명신여관,35.20255391,129.0865148
라찌모텔,35.19679734,129.0976665
리셰,35.19655468,129.0974508
SAINT9,35.19656504,129.0976905
세인트나인호텔,35.19656504,129.0976905
영빈장여관,35.19932586,129.0985475
화목,35.19891599,129.0986709
이브모텔,35.1993243,129.0985159
토담황토방모텔,35.21850284,129.0799206
스카이,35.21850452,129.0800547
VOS모텔,35.21912199,129.0807266
호텔농심,35.22025936,129.0823201
천일온천호텔,35.2214515,129.0813225
녹천온천호텔,35.22049791,129.0809067
중앙온천,35.22068477,129.0811585
호텔프랑스,35.2225688,129.0810093
6번가모텔,35.22395456,129.0820084
형제그린빌,35.21602001,129.0783187
한솔모텔,35.2233701,129.0820883
한송원룸,35.22324466,129.0820007
문화장여관,35.22356063,129.0819004
영진여인숙,35.2163905,129.0783236
대양오션,35.22295943,129.0815356
수원장여관,35.22332752,129.0812279
동남장여관,35.22296786,129.0810078
목원장여관,35.21987424,129.080571
롯데별장여관,35.22119976,129.0805233
세금장모텔,35.21991951,129.0800662
대영모텔,35.21960521,129.0802391
식물장여관,35.22320444,129.0811528
동궁장여관,35.22373077,129.0819959
청송장여관,35.22320439,129.0821637
도브호텔,35.21915508,129.0796287
금강골드모텔,35.21756249,129.0786483
만우장모텔,35.22300786,129.0817765
W모텔,35.2185717,129.0814413
한림,35.2179585,129.0799103
비바체,35.2180015,129.0797868
무아모텔,35.22004584,129.079913
대성관호텔,35.21959359,129.0811015
갤럭시모텔,35.21973859,129.0806508
파란하늘,35.2198963,129.08145
카리노호텔,35.21956197,129.0815137
호텔킹,35.21997334,129.0811432
대일장여관,35.22041779,129.0803173
한빛장,35.22057612,129.0801857
은성장여관,35.2208107,129.0801934
더고침펠리스,35.21536592,129.0780404
호텔MVG,35.21396901,129.0787787
동성,35.20831506,129.070707
평강여관,35.20819364,129.0710664
금강국민호텔,35.22503944,129.0747994
고성장,35.21201609,129.0584188
The M Hotel,35.21235174,129.059827
동래온천호텔,35.21290664,129.0785243
해미,35.21384988,129.0774876
인터파크모텔,35.21308492,129.0783213
뉴부산모텔,35.21359966,129.0784161
젬모텔,35.21328281,129.0782594
동래온천호텔,35.21336253,129.0780856
예천장여관,35.21390798,129.0781905
뉴부산모텔,35.21358385,129.0784282
로얄모텔,35.20697481,129.0698191
에이스,35.20532489,129.0698323
더스톤브릿지호텔,35.20254823,129.0697081
선우장여관,35.20644826,129.07128
꿈의궁전모텔,35.205262,129.0671086
이화장,35.20598491,129.0671773
민정텔,35.20604802,129.0688688
하나빌,35.20594404,129.0689965
백송모텔,35.20634353,129.0680574
해피맘하우스,35.20426447,129.0677075
거북장모텔,35.20314676,129.0661053
오렌지별장,35.20338709,129.067675
골든웰모텔,35.20298459,129.067775
사직 덴바스타 시그니처호텔,35.20343416,129.0680018
사직 덴바스타 시그니처호텔,35.20342904,129.0679934
페이지호텔,35.20326038,129.0686595
올리브 모텔,35.2033293,129.0689836
에스에스모텔,35.20290356,129.068984
코리아나모텔,35.2200687,129.084895
하이원레지던스,35.21583908,129.079471
레지던스에이치,35.21584363,129.0794748
온천장오호텔,35.21600163,129.0793198
동래모텔,35.22014273,129.0846607
보노호텔,35.21557401,129.0792434
지앤지모텔,35.21585599,129.0793081
썬모텔,35.22020981,129.0849217
송원별장,35.21977299,129.0841225
레지던스H,35.21586297,129.079478
369모텔,35.22122587,129.0821613
S모텔,35.22150382,129.0823211
드림모텔,35.22088151,129.081813
현대온천,35.22136001,129.0815762
만수여관,35.22098032,129.0816271
현대온천레지던스,35.22161621,129.0816342
온천테마모텔,35.22112354,129.0817475
허심모텔,35.22141907,129.0820034
황토방모텔,35.22235087,129.0842093
천우장,35.22200373,129.0841633
도윤빌,35.22225357,129.0844037
대성장여관,35.22346922,129.0825686
라메르,35.22194734,129.0842903
푸른장여관,35.22235746,129.0837334
호텔L,35.21620536,129.0813389
우림여관,35.2076538,129.0718274
청원장여관,35.20737803,129.0731786
호텔야자,35.2177684,129.0828464
호텔오즈,35.21804237,129.0829242
호텔 이그니스,35.21816786,129.0829875
JS모텔,35.21788848,129.0828957
미투나호텔,35.21681674,129.0787685
이브레지던스,35.21827858,129.0817522
아담빌라,35.21835409,129.0817073
큐브모텔,35.21825937,129.0813665
샤인모텔,35.21814722,129.0815181
타히티모텔,35.21793047,129.0808971
CG모텔,35.2161254,129.0792039
리&빌,35.21479547,129.0781106
솔롱고스백패커스,35.21520187,129.0787152
모심빌,35.21731408,129.0800112
올레지던스,35.21682926,129.0795157
대림장여관,35.21673772,129.0794007
그린모텔,35.21699406,129.0792892
빅토리아모텔,35.21718772,129.0795104
오가모텔,35.21688037,129.0792337
동산모텔,35.20728569,129.0705552
태백모텔,35.20671492,129.0704623
투유모텔,35.20648679,129.0701242
하운드호텔 미남역점,35.20571838,129.0703725
하루호텔,35.20635918,129.0704533
볼리아 사직점,35.20499854,129.0700457
유토피아모텔,35.2061165,129.0700612
태백모텔,35.2067116,129.0704541
투헤븐호텔,35.20517043,129.0700421
버튼호텔,35.20568733,129.0700898
모텔테라메르,35.2053059,129.0700594
고궁장여관,35.20704536,129.0705456
파라죠모텔,35.20692903,129.0703321
미스터브릭호텔,35.20686582,129.0698944
에이치에비뉴,35.20660287,129.0700647
코지트리,35.20241763,129.0896044
온천특실,35.15398681,129.0341275
호텔꿀비,35.15516374,129.0361714
태화여관,35.15630674,129.0429364
태화여관,35.15624486,129.0429463
더블유모텔,35.15217527,129.0216406
"네이버지도명 - '부산 개금e패션', 간판 - '호텔 e패션'",35.15236756,129.0234863
버킹검모텔,35.15251828,129.023101
레인보우모텔,35.15234276,129.0230705
레인보우호텔,35.15233057,129.0230578
허브모텔,35.14852999,129.020877
은하탕,35.15759592,129.0491411
다온하우스,35.15762072,129.0454496
센트모텔,35.15757646,129.0485476
피노키오,35.15775378,129.0489802
고궁모텔,35.15741683,129.04877
리버모텔,35.15767736,129.0485892
서림장여관,35.16620607,129.0394561
서림장여관,35.16621871,129.039455
봉선모텔,35.16592872,129.0406128
GREENHOUSE,35.15801113,129.0407351
평해여인숙,35.16285594,129.0442595
밀양,35.16272963,129.0427096
부일장여관,35.15925736,129.0499415
부일장여관,35.15926012,129.0499794
보강여인숙,35.1424925,129.057987
산들수피아,35.14313517,129.0583591
9번가트래블텔,35.14385332,129.0587778
주안하우스,35.14399652,129.0585515
네이버지도명 - '9번가 트래블텔',35.14389172,129.0587926
부산장,35.14350287,129.0582939
천애,35.14293033,129.0619013
그랜드빌,35.14362568,129.0584824
YUNSHOUSE,35.1550816,129.0459097
화동장,35.14291051,129.0554592
화동장,35.14290338,129.0554534
다이나믹게스트하우스,35.14980569,129.0576677
목화장여관,35.14700256,129.0579147
대호모텔,35.14225239,129.0630143
호텔아모르,35.14223867,129.062617
덴바스타호텔,35.14314713,129.0627571
예스모텔,35.14223464,129.0626147
K모텔,35.14244583,129.0625915
호텔큐파이브,35.14244873,129.0628281
7TH호텔,35.14807919,129.0586217
대성여인숙,35.14795338,129.058316
더호텔7TH,35.14807636,129.0586028
부산여인숙,35.1446214,129.0597165
"POI명 - 부산, 네이버지도명 - 부산여인숙",35.14463642,129.0597193
타히티모텔,35.1431687,129.0614892
네이버지도명-이그이스모텔,35.1483474,129.06164
G7호텔,35.1490178,129.0609645
오즈모텔,35.14883192,129.061417
하루호텔,35.14856508,129.0604133
김치게스트하우스,35.14837391,129.0603388
투헤븐모텔,35.1480956,129.0604701
리순덕호텔,35.14870954,129.0602228
브라운도트호텔,35.14848638,129.0606016
하운드호텔,35.14823734,129.060463
투헤븐호텔,35.14809918,129.0604164
호텔25시,35.14799932,129.0604833
호텔콤마,35.14856646,129.0601728
싸이버모텔,35.14820527,129.0602296
네이버지도명 -'리순덕호텔',35.14871457,129.0602029
SS모텔,35.14884811,129.0601953
서림모텔,35.14511351,129.0598767
프렌치코드호텔,35.14726223,129.0602891
잉카모텔,35.16836433,129.0511585
로얄모텔,35.16802104,129.0512825
프린스별장,35.16810891,129.0514121
잉카모텔,35.16832333,129.0511642
유림장여관,35.16734467,129.0517383
월성모텔,35.16532017,129.0510155
경일장여관,35.15964004,129.0505653
경일장여관,35.15960708,129.0505624
경일장여관,35.15960708,129.0505624
월성모텔,35.16076458,129.0507725
목원장여관,35.16209329,129.0543514
브라운도트호텔,35.15144681,129.0581988
롯데호텔,35.15671602,129.0555873
부산롯데호텔,35.15679003,129.0564162
테마모텔,35.15842284,129.0539795
수연장여관,35.15798523,129.0542796
브라운도트 호텔 서면역점 비즈니스,35.15660168,129.0540147
올인모텔,35.15886183,129.055097
프로포즈 모텔,35.15528276,129.0569114
K9모텔,35.15533374,129.0567822
더블린호텔,35.15505577,129.056593
휴모텔,35.15473986,129.0568235
계림장여관,35.15746734,129.0620246
더홈레이디,35.1594476,129.0621044
S모텔,35.15474701,129.0620462
소호호텔,35.15861686,129.0617684
삼호장여관,35.15850849,129.0613344
모텔YOU아인,35.15815594,129.061546
레지던스머뭄,35.15884453,129.0617251
동경장여관,35.15814259,129.0613647
하루모텔,35.15618517,129.0612268
홈호텔,35.1563924,129.0617138
다뉴브호텔,35.15607314,129.0615952
아주여관,35.164229,129.0610691
거북장여관,35.16430723,129.061176
거북장여관,35.16426746,129.0612815
초원호텔,35.15472573,129.0551369
도원장,35.1634603,129.0597247
티알티호텔,35.15323683,129.0558452
지지배,35.15903981,129.0544999
TRTHOTEL,35.15323683,129.0558452
짝호텔,35.15295948,129.0566393
호텔초원,35.15466742,129.0551348
오스카관광호텔,35.15223043,129.0570959
부산비즈니스호텔,35.15614787,129.0544041
SF장모텔,35.15193184,129.0566732
샤이어호텔,35.15223043,129.0570959
퀸스호텔,35.15502879,129.0553457
크로바여관,35.16112187,129.0549787
원진,35.16321083,129.0594999
황실장여관,35.16112961,129.0552612
SF모텔,35.1519504,129.0567026
유니크스테이,35.15533642,129.0547556
부산 비즈니스 호텔,35.15610984,129.0545363
오스카호텔,35.1522305,129.0570977
짝럭셔리호텔,35.15298466,129.0564824
호텔시카고,35.15371051,129.055685
국제장여관,35.1611811,129.0572887
국제여관,35.16117916,129.0572847
국제여관,35.16117916,129.0572847
부호장여관,35.16116578,129.058248
부호장,35.16116486,129.0582422
부산장,35.16010913,129.058456
부산모텔,35.16011492,129.0584541
로망스모텔,35.16115621,129.0584878
우리모텔,35.15336443,129.0568818
호텔제이세븐원,35.15249867,129.0570318
호텔제이세븐투,35.15239458,129.0570356
호텔더로사,35.15249867,129.0570318
넘버25 호텔 서면1번가점,35.15261614,129.0570678
호텔치즈,35.15344774,129.0565869
온,35.15356318,129.0565774
V.V모텔,35.15367424,129.0570416
더블유호텔,35.15274897,129.0566869
호텔J7,35.15239458,129.0570356
모텔오투,35.15331752,129.0571502
시티호텔지앤지,35.15359537,129.0568996
ON모텔,35.15356497,129.0565007
필 모텔,35.15316477,129.0569413
Y모텔,35.15242629,129.056806
아바모텔,35.15386379,129.0571096
하림장모텔,35.15861186,129.0537162
세운장,35.15879499,129.056335
뉴부산장여관,35.15843714,129.056426
라라비안코 비즈니스 호텔,35.15882716,129.0559571
수빈장여관,35.15972742,129.0568339
더블유모텔부산,35.15990707,129.0569352
호텔티티,35.16069778,129.0564859
W모텔,35.15992419,129.0569148
부산여인숙,35.1596953,129.0568919
캘리호스텔 서면본점,35.16026523,129.0592033
J모텔,35.16008446,129.0586352
놈모텔,35.15995398,129.0552562
이화장모텔,35.16048876,129.0563342
369모텔,35.16064593,129.0560726
호텔밴드,35.16064593,129.0560726
동광여인숙,35.16235374,129.0574276
동광여인숙,35.16235374,129.0574276
초원장,35.16216813,129.0564855
쉬리모텔,35.15997944,129.0596214
조아모텔,35.15991504,129.0597916
삼화여관,35.16039938,129.0604428
OK모텔,35.16005096,129.0596829
넘버25호텔,35.15914491,129.0594884
조아장,35.15991504,129.0597916
부산 서면 블루밍호텔,35.15200989,129.0581902
IB호텔,35.15224743,129.0572604
유나호텔 비지니스,35.15198678,129.0573227
블루모텔,35.15294788,129.0572747
사우스반데코호텔,35.15104769,129.0581902
솔라리아니시테츠호텔,35.15237637,129.0581917
부영모텔,35.15388455,129.0573324
현대모텔,35.15228841,129.0574181
K7모텔,35.15367946,129.0573229
몰디브모텔,35.15368163,129.0571754
트래블라이트,35.15466291,129.058243
일번가모텔,35.15479903,129.0582028
스테이원,35.15479903,129.0582028
숨모텔,35.159798,129.0555861
홍도장여관,35.15913452,129.0561328
숨모텔,35.15979792,129.0555861
부산게스트하우스세리인,35.15932136,129.0559058
ZAVA모텔,35.15930416,129.05615
경성여관호텔,35.15970246,129.0563274
브이모텔,35.15976272,129.0565217
모텔지에스,35.16136043,129.0548109
월렉스모텔,35.16122887,129.0546082
올리브모텔,35.15835254,129.0553756
핑크장,35.15834458,129.0555458
하이모텔,35.15817134,129.0559002
핑크모텔,35.15835442,129.0555453
쌍마모텔,35.15839448,129.0559993
롯데빌,35.15789902,129.0613752
롯데빌,35.15798383,129.0613569
QT모텔,35.15582712,129.0603682
제니하우스,35.15694241,129.0598572
미호재스테이,35.15693928,129.0598549
금하장여관,35.15922408,129.0613285
금하장여관,35.15922782,129.0613186
브라운도트 호텔 서면1호점,35.15896579,129.0611729
젠백팩커스호스텔,35.15366742,129.0540269
블루백팩커스호스텔,35.15247589,129.055282
시카고호텔,35.15370539,129.0555294
"네이버지도명 - '미니 바이 유니크스테이', 간판 - 'HOTEL MINI'",35.15297378,129.0548166
1박2일모텔,35.15335227,129.0547118
X모텔,35.15232348,129.060067
K게스트하우스,35.15270274,129.0585855
24게스트하우스,35.15285601,129.0585788
호텔야자,35.1511465,129.0586256
삼천장,35.15712977,129.0601993
이비스앰배서더,35.16184477,129.0618816
어반스테이더센트럴,35.15931262,129.0609156
어스틴게스트하우스,35.15183234,129.0603425
다니엘게스트하우스,35.1513606,129.0610997
삼호장여관,35.15483716,129.0605006
블루호텔,35.15576579,129.0610557
삼호모텔,35.15483513,129.0605182
호텔유케이,35.15386257,129.0613436
지오모텔,35.15371909,129.0614722
그랑호텔,35.15411878,129.0611082
호텔 아리아 서면,35.1560295,129.0612241
브이호텔,35.15474852,129.0557498
호텔엘레펀트,35.15532509,129.0560521
호텔 25시,35.15484717,129.0562535
호텔 더 스위트,35.15504664,129.0562299
렛츠고모텔,35.15521349,129.0555028
호텔더스위트,35.15504664,129.0562299
호텔와이티티,35.15555822,129.0553379
하운드호텔,35.15485427,129.0560237
호텔25시,35.15484717,129.0562535
태양모텔,35.15532634,129.0558916
쉼모텔,35.15529254,129.0554273
와우모텔,35.15513609,129.0559556
꿈의궁전모텔,35.15552828,129.0562299
라이온호텔,35.15508346,129.056101
부산모텔,35.1548188,129.0555147
YTT모텔,35.15555808,129.0553418
호텔야자,35.15556388,129.0560698
더클럽호텔,35.15485176,129.0565632
더클럽호텔,35.15478012,129.0565531
파레스빌,35.15410309,129.0563925
아르반호텔,35.15463886,129.0571894
엔젤호텔,35.1540265,129.0619158
호텔 엔젤,35.15408577,129.0618853
화성장여관,35.15566686,129.0606589
동명장여관,35.15560968,129.0605483
R모텔,35.15507189,129.0619244
명신,35.15944614,129.0598243
신신호텔,35.15980174,129.0589835
간판 - 태화모텔,35.16254874,129.0592094
브이원스토리,35.17269578,129.0702968
순우정모텔,35.1701914,129.0677145
화지청소년문화회관,35.17514854,129.0616758
양정청소년수련관,35.17729624,129.0717334
낙원모텔,35.17122324,129.0690058
스테이에비뉴호텔 양정점,35.17122129,129.0691565
브라운도트 호텔 양정점,35.17136231,129.0691209
1박2일,35.17121398,129.0691503
낙원모텔,35.17121792,129.0689993
스테이에비뉴호텔 양정점,35.17121398,129.0691503
반도,35.17208889,129.0698389
선풍장여관,35.17073869,129.070587
큐브모텔,35.17273658,129.0721349
온정,35.1707306,129.0705714
호텔369,35.16912541,129.068879
호텔369,35.16911933,129.0688748
비전빌,35.17405412,129.0746512
스타빌,35.17349988,129.0733353
호림모텔,35.17301037,129.0726509
V1모텔,35.17255174,129.0703982
윙크장,35.17551439,129.0739968
미광장여관,35.16913002,129.0508317
금성장여관,35.17197372,129.0577484
골드모텔,35.15986302,129.0664917
카라,35.15378233,129.0691237
영진목욕탕,35.16049079,129.0661793
토요코인호텔,35.15796708,129.0640808
토요코인호텔 부산서면,35.15796689,129.0640534
신라장여관,35.16027882,129.0637298
청운장,35.16041044,129.0646596
리아하우스,35.15263866,129.0650172
엘라하우스,35.15669999,129.0645742
하루모텔,35.16632243,129.0669624
전포여관,35.15473223,129.0604111
모텔리베라,35.18110743,129.0484484
젬모텔,35.18104508,129.0481203
브라운도트호텔,35.18098586,129.0478229
쏠호텔,35.18105762,129.0482399
짱9모텔,35.18088047,129.0485418
모텔리베라,35.18109848,129.0484503
꿈나무교통나라,35.18660523,129.0454144
설탕모텔,35.18146413,129.0482347
설탕모텔,35.18149589,129.0482395
리베라여관,35.18139519,129.0484789
리베라모텔,35.18137041,129.0486754
이화모텔,35.18114716,129.0486552
이화장,35.18114716,129.0486552
초읍 유나호텔,35.18214498,129.0482519
넘버25 호텔 초읍점,35.18196497,129.048263
발렌타인모텔,35.18160136,129.0476416
온모텔,35.18115263,129.0477544
아이리스모텔,35.1812842,129.0481262
루모텔,35.18146837,129.0480579
비타민호텔,35.18155566,129.048036
비타민호텔,35.18155164,129.0480257
라라호텔,35.18220792,129.0478919
은빈장,35.182277,129.0478054
로얄모텔,35.18231484,129.0475679
코리아나 모텔,35.18225681,129.047671
모텔 알리바바,35.18159173,129.0465395
아리바바여관,35.18174058,129.0466456
아리바바여관,35.18174329,129.0466523
경남장여관,35.20612018,128.9989645
엠유,35.20640856,128.9993393
엠유모텔,35.20641044,128.9993476
테크노모텔,35.20657704,128.9994946
청포장여관,35.2033517,128.9956474
뉴몽블랑모텔,35.20553178,128.9982738
녹천장,35.20612312,128.9992365
샤롯데모텔,35.20328843,128.9957767
향원장모텔,35.20605064,128.9971962
중앙,35.2031573,128.9942393
보라장여관,35.20509832,128.9966379
아몬드호텔,35.2049175,128.9957229
산해,35.2043699,128.9956609
보림,35.20299887,128.994277
울산장,35.20441347,128.9956883
명성장여관,35.20399518,128.9950781
애플모텔,35.20883043,129.0009864
썸모텔,35.20857009,129.0007426
이데아호텔,35.20749588,128.9994216
스미스호텔,35.20900888,129.0010643
한일여관,35.20847856,129.0031491
한일여관,35.20848694,129.0031647
서울,35.20338034,128.9944307
국보장여관,35.20955661,129.0041076
백한여인숙,35.20681534,128.9973898
화목장여관,35.20899976,129.0029988
A모텔,35.20371899,128.9946933
바르도호텔,35.20900686,128.9999617
국보장여관,35.20955649,129.0041075
삼오장여관,35.20889977,129.0002222
V7모텔,35.20378277,128.994749
엘리스모텔,35.20385528,128.9948348
글로리모텔,35.20916913,129.0003853
베니스모텔,35.20903374,129.0004044
세븐모텔,35.20960174,129.0005585
유선게스트하우스,35.19779347,128.9894959
창성장여관,35.20563293,128.996627
부산여인숙,35.20555996,128.996564
밀양,35.20577967,128.996368
서전별장,35.20720508,128.9986443
동원장여관,35.20707033,128.9984378
용궁장여관,35.20718948,128.9982807
초록장여관,35.20728847,128.9984417
대업장,35.2072045,128.9981747
모텔캣츠,35.20680983,128.9975868
역전여인숙,35.20642248,128.997406
프린스모텔,35.20762221,128.9987717
모란장여관,35.20740101,128.9988842
M모텔,35.20729714,128.998965
뉴캐럿모텔,35.20980823,129.0006952
와우모텔,35.20981187,129.0008525
I모텔,35.20874951,129.0007573
브띠크모텔,35.20911036,129.0008787
청우장여관,35.20889291,129.0007317
그린모텔,35.20878569,129.0016862
V모텔,35.20848622,129.0014935
쇼모텔,35.2086426,129.0015774
브라운도트호텔,35.20833283,129.001219
동영여인숙,35.20721983,129.001318
경수장여관,35.20928539,129.0045949
은선장,35.20268949,128.9964486
영빈장여관,35.20231771,128.995949
태흥장여관,35.20289394,128.9963779
은성장여관,35.20279343,128.9963039
상록장여관,35.20724257,129.0027771
로얄,35.2088723,129.0030616
아림장,35.2083052,129.0030321
미오하우스,35.24927116,129.0139454
부산광역시인재개발원,35.2670397,129.0231606
금곡청소년수련원,35.25948514,129.0166789
화명오토캠핑장,35.22236866,129.0006771
1박2일모텔,35.21037217,129.0040236
스카이모텔,35.21034206,129.004183
송림장여관,35.21039303,129.004456
에이유호텔,35.21040931,129.0031021
리베라모텔,35.21043553,129.0035535
매직모텔,35.21095051,129.0053979
덕천모텔,35.21172191,129.0093667
만수장모텔,35.21114622,129.0072182
덕천코코호텔,35.21197204,129.0095596
일번가모텔,35.21113288,129.0070297
온누리원룸텔,35.21090387,129.0064505
그림모텔,35.21114173,129.0061453
힐링모텔,35.21107664,129.005949
동원장,35.21076858,129.0057516
브라운도트호텔,35.21086504,129.0062893
투헤븐호텔,35.21011239,129.0036485
덕천여인숙,35.21022919,129.0040292
티파니모텔,35.21028587,129.0038068
에스모텔,35.21072234,129.0098835
모텔썸,35.21014597,129.0074796
만수장,35.2110058,129.0072576
호림장여관,35.21096423,129.0101301
편한게스트하우스,35.21202038,129.0140922
25시모텔,35.21134821,129.0120034
북구평생학습관,35.21132694,129.0148288
육회산장,35.20979526,129.0108772
계곡산장,35.21676753,129.0419164
파라디아모텔,35.21419379,129.0452136
이지굿,35.20753636,129.0327172
대림장,35.20888279,129.0370921
백양장여관,35.20889208,129.037802
투헤븐 모텔,35.21107448,129.047412
브라운도트 호텔 만덕점,35.21168623,129.0467262
메아리산장,35.21556581,129.0466352
겨울연가모텔,35.21070402,129.0473827
MVG모텔,35.21087372,129.0468945
유진모텔,35.21166248,129.0476253
나인투나인모텔,35.21187947,129.0486846
투헤븐모텔,35.21106642,129.0474069
더젠틀호텔,35.21143134,129.0470369
넘버25호텔,35.21164729,129.0482486
아브레 모텔,35.2112108,129.047101
스카이모텔,35.21164488,129.048247
투헤븐 모텔,35.21107447,129.047412
아브레모텔,35.21110848,129.0469873
브라운도트호텔,35.21168623,129.0467262
겨울연가모텔,35.21066379,129.0473698
금정산가나안수양관,35.24257016,129.049573
호텔야자,35.23453852,129.0089001
스파호텔,35.23445217,129.0098164
B&B모텔,35.23454522,129.0091873
그레이,35.23455761,129.0087215
메르시호텔,35.23449819,129.0096255
호텔브리즈,35.23453418,129.0089015
스카이모텔,35.2344663,129.0101
MU모텔,35.23575397,129.0091171
런더너모텔,35.23578298,129.00896
덴바스타호텔 화명점,35.23583317,129.008601
브라운도트호텔,35.23581268,129.0087763
런더너호텔,35.23578298,129.00896
덴바스타호텔,35.23583317,129.008601
뉴타운홈,35.24342883,129.0231371
아바모텔,35.23486462,129.0088647
루이스J호텔,35.15395401,128.9735777
일호여인숙,35.14950957,128.9726064
W모텔,35.15332569,128.9740284
에어텔부산,35.15278674,128.9751367
1954호텔,35.15307003,128.9753807
호텔프리마,35.15192309,128.9864574
호텔오해피,35.15368566,128.986362
덴바스타호텔,35.15209306,128.9864777
제이 모텔,35.15383378,128.9864003
더스톤브릿지호텔,35.15368566,128.986362
쏘야네,35.15846971,128.9880384
삼호여인숙,35.1578965,128.9882845
제일장여관,35.15846402,128.9873418
동경장여관,35.15849104,128.9871089
별장여관,35.15759421,128.9860067
미성장,35.15803541,128.9861868
엠유모텔,35.15382193,128.9830634
명천비즈니스텔,35.15391883,128.9802941
토마토모텔,35.15605843,128.9825007
노블레스,35.15642306,128.9818514
유토피아,35.15784104,128.9863028
금호빌장,35.15842671,128.9867529
동경장,35.15852042,128.9869629
경남장여관,35.15494111,128.9804391
경남장여관,35.15481734,128.9806148
청수장여관,35.15452328,128.9911585
호텔 자,35.15074961,128.9911325
NO25호텔,35.15245083,128.9894575
비즈니스호텔 르네상스,35.16176556,128.9830104
호텔파라곤,35.16192209,128.9813891
파라다이스모텔,35.16148144,128.9872771
한도호텔파라곤,35.16193644,128.9813951
세일장여관,35.16373794,128.9808514
동남장여관,35.16515116,128.9812251
송림장여관,35.16504819,128.981248
제일여인숙,35.16649059,128.9837753
YAJA 사상터미널점,35.16560156,128.9840802
수명장여관,35.16456934,128.9844443
리베장,35.1667605,128.9839844
동원장,35.16290236,128.9848988
강남여인숙,35.16576002,128.9838629
화성장,35.16565859,128.9836857
강남여인숙,35.16576005,128.983863
소르젠떼비지니스호텔,35.16487681,128.983987
나이스장,35.16466104,128.984172
그린텔,35.16132313,128.9859244
황금장,35.16145798,128.9862282
브이원모텔,35.16150676,128.9859781
스타빌,35.16135098,128.9860576
센스모텔,35.16149088,128.9865523
기린장모텔,35.16306204,128.985928
하트장여관,35.16405716,128.9852065
연암장여관,35.16293482,128.9855969
에스 호텔,35.16332153,128.9859644
호수장,35.16298792,128.9857523
하트장여관,35.16405063,128.9851657
천우장여관,35.16282614,128.9856368
기린장모텔,35.16307834,128.9859663
압구정모텔,35.16329527,128.9865981
아이모텔,35.16321953,128.986253
올레모텔,35.16366718,128.9864589
SHOW모텔,35.16343794,128.9861544
파트너모텔,35.16293839,128.9864823
W모텔,35.16300419,128.9867921
핑크장여관,35.16312684,128.986393
뉴코리아모텔,35.16345134,128.9865389
SHOW모텔,35.16345744,128.9861594
뉴코리아모텔,35.16346696,128.9865447
핑크장여관,35.16313891,128.986394
금하모텔,35.16303397,128.9864227
아비송모텔,35.163795,128.9864246
호림장여관,35.1685197,128.9770462
호림장여관,35.16851527,128.9770545
ND1226HOTEL,35.16940714,128.9770927
ND.1226호텔,35.16940714,128.9770927
성일장여관,35.16742864,128.9814102
옥돌별장,35.16730912,128.9813114
은화여인숙,35.16702552,128.9811455
동원장,35.15943368,128.9868817
현대별장,35.16674714,128.9831387
비치모텔,35.16495313,128.9835485
동성여인숙,35.16673821,128.9830363
아리스모텔,35.15910116,128.9867793
느티나무오리불고기,35.16675524,128.9833533
일루아,35.16565484,128.9833959
엔젤장여관,35.16672102,128.983247
미림장여관,35.15941758,128.9871208
1RUA,35.16565484,128.9833959
서울여관,35.16655878,128.9830143
발렌타인모텔,35.15855552,128.9859915
비너스모텔,35.15839983,128.9859969
산장모텔,35.15829346,128.9859658
평화장여관,35.16025098,128.9845602
삼성빌,35.16114676,128.9869691
부민,35.15835996,128.9850576
허니문,35.15778298,128.9848466
샵모텔,35.16345407,128.9854055
힐링장,35.16351633,128.9855263
썸 호텔,35.16396152,128.9825928
맥스호텔,35.16433118,128.9802632
빈스70호텔,35.16427167,128.9807283
MU모텔,35.16411443,128.9811926
루이스호텔,35.16418159,128.9828954
제일장여관,35.16412507,128.9820624
연풍모텔,35.16390783,128.9827954
콤마호텔,35.16428351,128.9805712
나무늘보호텔,35.16401217,128.9822777
투헤븐모텔,35.1641825,128.9808687
세느모텔,35.16433111,128.980424
비너스모텔,35.1639954,128.9824248
SS모텔,35.16393034,128.9820241
삼신장여관,35.16428142,128.9851161
영남장여관,35.16430814,128.9849597
온정장,35.16452556,128.9840366
블랙모텔,35.16452378,128.9849465
현대장,35.16509023,128.9814006
스토리아지트,35.16492376,128.9812561
연화장,35.16535433,128.9835432
천일장여관,35.16500977,128.9837016
호텔더반,35.16503543,128.9838959
목화빌장,35.16547976,128.9843439
연화장,35.1653686,128.9835636
오아시스장 여관,35.16552691,128.9844696
천일장여관,35.16501389,128.9836971
신라장여관,35.16527707,128.9844257
달빛궁전모텔,35.16568088,128.9835142
동양장여관,35.16559183,128.9811622
그린하우스,35.16547302,128.9824353
네츄럴모텔,35.16625609,128.9821909
타임캐슬,35.16547061,128.9819031
청수장,35.16591329,128.98337
러브빌원룸,35.1668527,128.9816524
산호장여관,35.16639671,128.9810363
배수장,35.16717959,128.982466
태화장여관,35.16998486,128.9814518
풍유장여관,35.15959511,128.9843645
제일장여관,35.15945579,128.9841299
수복장여관,35.15809972,128.9856558
수복,35.15819574,128.985693
수복장여관,35.1581064,128.9856622
산유장여관,35.15882452,128.9849138
금강,35.15876827,128.9851848
하운드호텔,35.16179246,128.9776815
브라운도트사상르네시떼점,35.16147986,128.979551
애플,35.16137902,128.9834099
프리미엄아바호텔,35.1614781,128.9828291
하이디자인호텔,35.16138648,128.9836696
헤라모텔,35.16159403,128.9791651
ZAM101HOTEL,35.16153113,128.9818697
하운드호텔 사상점,35.16180927,128.9776934
록수장여관,35.17469176,128.9843877
태화장여관,35.1698277,128.9813999
덕성여인숙,35.17063914,128.9810474
동심여관,35.17104497,128.9825566
금호여관,35.17088131,128.9825142
성림장여관,35.17225958,128.9828551
동명여인숙,35.17324944,128.9825924
젬모텔,35.18135737,128.9832273
복천여관,35.16884809,128.9805962
부산여인숙,35.1731046,128.9818293
호텔 979,35.1883001,128.9886251
의성장,35.19075536,128.9879
스위트홈,35.1880585,128.9918457
화성장,35.18950433,128.9904763
양화림,35.19162459,128.9950084
호텔이레,35.18245111,128.9841552
넘버25호텔,35.18226848,128.986629
운수장여관,35.18547075,128.9872839
미도여관,35.18632104,128.9849182
삼락생태공원오토캠핑장,35.16652587,128.9690914
태양장여관,35.19538473,128.9876325
큐모텔,35.18934989,128.9801193
보브모텔,35.1855446,128.9773899
웁스모텔,35.17934376,128.9764645
호텔더메이,35.19522639,128.9861284
미림장,35.17004582,128.9772865
발리장여관,35.17027738,128.9771444
옥림모텔,35.19514062,128.987005
옥림장,35.19532747,128.987251
성주여관,35.17262621,128.9813054
엘림장여관,35.1712777,128.9792072
유림모텔,35.19577662,128.9877388
태화장,35.19526153,128.9876503
송학장여관,35.16965048,128.9782382
짝모텔,35.12601272,128.9677111
브라운도트호텔,35.12866363,128.9688159
호텔프랜치코드,35.12869769,128.9686695
W모텔,35.12907224,128.9694416
플라밍고호텔,35.12579492,128.9670833
빅토리아모텔,35.12668559,128.9690593
뉴페이스모텔,35.12810092,128.9687942
평화황토,35.13200774,128.9731103
유진힐,35.13341132,128.9740501
대구여관,35.13147949,128.9737247
지화미지앤미,35.1295428,128.9752812
플라워모텔,35.14994167,129.001563
송민장여관,35.15095259,128.9975767
제일여인숙,35.15052329,128.9972011
미니호텔,35.14934912,129.012609
하우스현,35.15463577,128.995162
은성장여관,35.15100598,128.9980859
초원장여관,35.15221224,128.9956941
송림장여관,35.14086282,128.9894759
신신장여관,35.14215223,128.9879863
369모텔,35.14299203,128.9884386
엔젤모텔,35.13473436,128.9961325
코코모텔,35.13493324,128.9960464
재기중소기업개발원,35.14283399,128.9851833
감천문화마을어울터게스트하우스,35.09627151,129.0094292
하우스피플,35.09807869,129.0098585
방가방가게스트하우스,35.09713343,129.0095616
방가방가게스트하우스,35.09721415,129.0094799
방가방가게스트하우스,35.0969286,129.0096541
연희모텔,35.08646522,129.0060331
감천하텔,35.08826493,129.0062669
경동장여관,35.08937716,129.0056876
삼풍장여관,35.08538127,129.006027
파라다이스,35.08588204,129.0053656
파라다이스모텔,35.08587687,129.0053756
대창여관,35.08546849,129.00638
청운장,35.09722541,128.9847249
비엘모텔,35.10019379,128.9803202
은하모텔,35.1007088,128.9937554
유진여인숙,35.10081774,128.9934826
미모텔,35.10081454,128.9941447
오렌지모텔,35.10074036,128.9936301
에덴장여관,35.10115906,128.9950867
동경장여관,35.10109807,128.9945927
9월모텔,35.10097408,128.9946308
로쏘호텔,35.10061304,128.9933311
선초장여관,35.10035041,128.992012
늘봄모텔,35.10039054,128.992136
위브모텔,35.09904959,128.9913635
프린스모텔,35.09879031,128.9915302
위브모텔,35.09903428,128.9913573
EG모텔,35.09953608,128.9816169
하림,35.09989832,128.9806747
크로바 호텔,35.09641173,128.9940128
삼오모텔,35.09967714,128.9928932
로망스모텔,35.0993301,128.9924908
J모텔,35.09948499,128.9927553
로망스모텔,35.09923271,128.992485
지티모텔,35.09863598,128.9907509
라라모텔,35.09894942,128.9918914
락모텔,35.09938137,128.9939574
희여관,35.07601932,128.990192
APPLETREEGUESTHOUSE,35.08787252,128.9848467
그리스,35.05784712,128.9743705
한미장여관,35.05627922,128.9710188
오이아호텔,35.0574017,128.9727617
모텔그리스,35.05761998,128.9742614
로망스,35.05678082,128.9715072
비치모텔,35.05707569,128.9715492
서울모텔,35.05636333,128.9709085
그린게스트하우스,35.0610551,128.9784689
코자837모텔,35.05575364,128.9711018
6월모텔,35.0556484,128.9708584
원모텔,35.04850864,128.9700021
유성여관,35.05790609,128.9720774
블루캐슬,35.06481747,128.9831324
부산 당리 오투,35.10272907,128.9750842
맥스모텔,35.10564451,128.9696113
귀빈모텔,35.10557134,128.9697192
사파이어관광호텔,35.10626277,128.9698481
DREAMINGROOFTOPROOM,35.10664354,128.9691773
갈매기하우스,35.10276284,128.9745021
문화여관,35.09296841,128.9756544
태백,35.09248513,128.9756922
신평여관,35.09115523,128.974566
신평모텔,35.09108701,128.9747035
블루문모텔,35.0731306,128.9768748
여명모텔,35.07951194,128.9777067
투하트,35.07959919,128.9778273
성풍여관,35.07815839,128.9777236
수도여관,35.08020113,128.9703283
쇼모텔,35.10659354,128.9670524
레이어스호텔,35.10661587,128.9643563
프로포즈모텔,35.108507,128.9618043
하단해원모텔,35.10707408,128.964341
호텔얌,35.10747276,128.9638126
호텔야오,35.10746664,128.9638192
해원모텔,35.10706467,128.9643363
경희모텔,35.10755667,128.9652557
휴모텔,35.10723833,128.965149
K모텔,35.10766292,128.9651027
E팰리스호텔,35.10878682,128.965705
금호모텔,35.10797237,128.9662654
모텔 파라다이스,35.10825286,128.9664516
발리모텔,35.10795917,128.966566
E 팰리스 호텔,35.10879272,128.965702
모텔츄츄,35.10782814,128.9662697
브라운도트호텔,35.1083359,128.9658337
발렌타인 모텔,35.10860087,128.9661254
호텔메르시엘,35.10953107,128.9659842
공원장여관,35.10993901,128.9663162
세방장여관,35.1048597,128.9690265
대하장모텔,35.10496836,128.9669856
돔보여관,35.1070161,128.968559
라스베가스관광호텔,35.10741051,128.966534
그린힐호텔,35.10774326,128.9668249
로얄모텔,35.10378396,128.9603937
동진장여관,35.08144479,128.9692695
굿타임,35.10751927,128.9643215
모텔와이티티,35.10725332,128.9647145
머물다호텔,35.10824527,128.9656181
퍼블릭,35.10752392,128.9646676
넘버25호텔,35.10822036,128.9651507
YTT모텔,35.107257,128.9647158
와우호텔,35.10775891,128.9644718
퀸모텔,35.10717344,128.9643859
퍼블릭모텔,35.10758144,128.9647965
칠백장모텔,35.10357613,128.9631384
대하모텔,35.10507911,128.9666919
동성여인숙,35.08610189,129.024269
칠성여인숙,35.08496946,129.0242615
부산비치관광호텔,35.08497673,129.0262775
대흥장,35.08753447,129.0239181
대명장여관,35.08807173,129.0238908
대흥장,35.08753066,129.0239198
명동,35.08909293,129.0241547
창성,35.08778946,129.024276
삼화여인숙,35.08533526,129.0244826
제일장,35.08754889,129.0240335
대명장여관,35.0881067,129.0238418
천마,35.09139438,129.0231814
제일장,35.09171539,129.0236092
부산탕,35.09207816,129.0234975
충무여관,35.09202817,129.0229695
동미여인숙,35.09249553,129.0235253
수목장,35.11091363,129.0198212
금호장,35.10402939,129.0210154
라까사델솔 게스트하우스,35.1079872,129.0167659
부산 코인 독채하우스,35.10949883,129.0157081
구덕장모텔,35.11468844,129.0151553
구덕야영장,35.12554995,129.0096934
구덕야영장구덕수련원,35.1252737,129.0107942
엄광산유아숲체험장,35.13061918,129.0105439
듀코,35.12802461,129.0080454
템플스테이생활관,35.12655044,129.0120484
남경여관,35.10173309,129.0184527
정,35.10153146,129.0172452
아바호텔,35.07766697,129.0228318
삼영모텔,35.07411738,129.0156845
투헤븐호텔,35.0782926,129.0223655
99.9호텔,35.07943772,129.0220522
풍전장모텔,35.07806411,129.0208296
S모텔,35.07810729,129.0203842
마리나호텔,35.07750957,129.0214864
모아모텔,35.07696014,129.0174843
페어필드바이메리어트,35.07768112,129.0192239
베스트웨스턴플러스 부산송도호텔,35.07720798,129.0178244
호텔아비숑,35.07819076,129.0223909
송도아바모텔 암남점,35.07759164,129.0227198
마리나장,35.07750804,129.0214789
큐파이브호텔,35.0772323,129.0218905
송도오토캠핑장,35.07277651,129.0175354
옐로게스트하우스,35.07813017,129.0206232
코자자호텔,35.07771277,129.0225877
AVA모텔,35.07760553,129.0227267
큐파이브호텔,35.07723239,129.0219051
브이모텔,35.07922027,129.0221079
아비숑,35.07821514,129.0223806
송도모텔,35.0780378,129.0197561
동명장여관,35.07423828,129.0156856
에이스모텔,35.07817127,129.0208109
금화장모텔,35.07862714,129.0211486
옐로하우스,35.07810781,129.0205582
M모텔,35.07847011,129.0205566
피닉스모텔,35.0783754,129.0204656
로얄장,35.0777064,129.0214716
호성장여관,35.07776479,129.0217047
남산장여관,35.07757076,129.0215964
로얄장,35.07772106,129.0214822
씨송도게스트하우스,35.070268,129.018595
아리아,35.06512553,129.013803
호호네,35.07421472,129.0154425
2월호텔 송도점,35.0653058,129.0136846
파인힐모텔,35.0654605,129.0135993
아리아호텔,35.06512798,129.0137584
송도비치호텔,35.07478579,129.0156895
오션뷰펜션,35.07007609,129.0186699
SKY모텔,35.06621978,129.012897
호텔쿼츠,35.06480252,129.0136764
맥스모텔,35.06567824,129.0134409
아이비하우스,35.0720943,129.0157722
모텔뉴송도,35.0809183,129.0211881
귀빈장,35.07846692,129.0176733
와우모텔,35.07706541,129.0165508
더메이,35.07710148,129.0167241
부산게스트하우스 숨 송도점,35.07817314,129.0195326
유엔송도호텔,35.07736694,129.0161449
더메이,35.07709886,129.0167165
호텔베네치아,35.07731257,129.0169236
브라운도트호텔 송도해수욕장점,35.07677393,129.0170325
EL호텔,35.07720063,129.0170002
호텔얌,35.07745152,129.0168941
부산 송도 휴,35.07699528,129.0170686
봄모텔,35.07723574,129.0166438
베네치아모텔,35.07732827,129.0169446
다모아모텔,35.07735496,129.017326
여행공장,35.0784202,129.0215448
퀸모텔,35.0789453,129.0217246
수모텔,35.0788955,129.0215402
송해장,35.0792101,129.0212943
퀸모텔,35.07894531,129.0217246
동화장여관,35.07816744,129.0212171
천마에코하우스,35.09608838,129.01741
더샵호텔,35.09666499,129.0255186
더샵호텔,35.09669791,129.0255104
깐느모텔,35.09723716,129.0250093
씨네모텔,35.09716889,129.0248457
버튼호텔,35.09731209,129.0246724
시티모텔,35.09752614,129.0246573
일신,35.09613966,129.0248773
성화,35.09585716,129.0250434
초원,35.09408113,129.0245074
일신여인숙,35.0961877,129.0249432
부산여인숙,35.09604596,129.0249717
신광여인숙,35.0959158,129.0249337
동원여인숙,35.09597953,129.0250637
성화여인숙,35.09590736,129.0250597
초원여인숙,35.09411777,129.024519
미진여인숙,35.09572326,129.0250014
남선여인숙,35.09482584,129.0246748
재건여인숙,35.09660159,129.0250611
동림여인숙,35.09646741,129.0251989
우정여인숙,35.09654751,129.0250452
M모텔,35.09651042,129.0256072
동림여인숙,35.09645572,129.025196
우정여인숙,35.09654757,129.0250452
재건여인숙,35.09658588,129.0250558
대흥장,35.0961269,129.0251244
칠성여인숙,35.09479932,129.0244536
보은,35.09579664,129.0246152
동국여인숙,35.0950443,129.0238212
해성장여관,35.0949571,129.0247038
해성장여관,35.0949571,129.0247038
바다모텔,35.09491019,129.0248929
자갈치9월모텔,35.09516407,129.0251738
수정장여인숙,35.09575061,129.0246262
삼성장여관,35.09593766,129.0234746
동성여인숙,35.09572401,129.023479
원모텔,35.09601596,129.0234997
금강모텔,35.09540861,129.0233582
온모텔,35.09600906,129.0229297
우리모텔,35.09498969,129.0227144
하동,35.09592431,129.0228436
신한,35.09593854,129.0230957
동성여인숙,35.08610192,129.024269
은솔장,35.09514163,129.0230789
천수장,35.09514779,129.0230852
천수장,35.09514777,129.0230852
브라운도트 호텔 남포충무점,35.09345008,129.0228798
녹원장,35.09401567,129.0212346
부산장모텔,35.09349096,129.0232854
주영레지던스,35.09699463,129.02313
비건민박,35.09732641,129.0224713
초원파크 모텔,35.09640941,129.0216638
스테이모텔,35.09653084,129.0213782
국제장여관,35.0968648,129.0211189
국제장여관,35.09694809,129.0211064
광안모텔,35.16659164,129.1158791
꿈의궁전모텔,35.15690987,129.1194338
더파크 게스트하우스,35.1548868,129.1177715
해원장모텔,35.15730993,129.1197087
뷰띠끄호텔,35.15321794,129.1170426
광안비치모텔,35.14969051,129.1144273
광안숲,35.15123293,129.1155117
해피앤게스트하우스,35.1512496,129.1154791
WOODHOUSE HOTEL,35.15716031,129.1195835
퀸모텔,35.15107137,129.1155183
M8HOUSE,35.15075103,129.1124533
마리띠모,35.14934696,129.1142812
그랜드테라스,35.1499463,129.1153057
호텔 쏘타 컬렉션 더 테라스,35.14993746,129.1152995
위더스오션,35.14993746,129.1152995
어반스테이더테라스,35.1499463,129.1153057
광안지웰에스테이트오피스텔,35.1499463,129.1153057
게스트하우스은가비,35.1635892,129.1136901
호텔썬시티,35.15448962,129.118853
명작하우스,35.15673827,129.1148571
화이트아일랜드,35.15749977,129.1153764
로스트펭귄,35.15690891,129.1151024
집게스트하우스,35.15714322,129.1193712
부산레떼게스트하우스,35.15785979,129.1185835
솔게스트하우스 부산파티점,35.15457462,129.1187264
블루문모텔,35.15327396,129.1174522
브릿지모텔,35.14870816,129.1145398
호메르스호텔,35.15342504,129.1179674
아쿠아펠리스호텔,35.15406972,129.1188353
켄트 호텔,35.15422798,129.1191294
SEASEE게스트하우스,35.15156854,129.1166653
호텔1,35.15249612,129.1173796
W모텔,35.15267924,129.1174135
펜트하우스,35.15184376,129.1168841
호텔센트럴베이,35.15147287,129.1164364
H7L호스텔,35.15059748,129.1158636
뷰먼드 풀빌라,35.14922574,129.1148125
호메르스 호텔,35.15342577,129.11798
제이스테이펜트하우스,35.15059724,129.1158614
제이스테이 게스트하우스,35.14875327,129.1140233
루크하우스,35.14871769,129.1139602
광안사계,35.1498386,129.113124
브라운도트 호텔 광안리해수욕장점,35.14981237,129.1147818
호텔미라주,35.14921322,129.1143045
누리호스텔,35.15173146,129.116631
프리미엄브이관광호텔,35.15065964,129.1154077
케렌시아,35.14932542,129.1147272
하운드호텔,35.14888374,129.1145507
투헤븐호텔,35.14951152,129.1145706
망고호텔,35.15189732,129.1167352
더뷰게스트하우스,35.15049668,129.115316
씨유호텔,35.14903052,129.1146047
누리호텔,35.15174846,129.1166075
부산레떼게스트하우스,35.15011784,129.1121003
곰도리게스트하우스,35.16223884,129.1174037
selfhouse,35.16577447,129.1175311
에스모텔,35.16727626,129.116768
리버호텔,35.1671317,129.1165947
대웅모텔,35.16586203,129.1155103
와바모텔,35.16574152,129.1155211
투유모텔,35.1656473,129.115501
봄날 모텔,35.16667196,129.1159741
수영맥스모텔,35.1659706,129.1155356
유토피아관광호텔,35.16744421,129.1171132
에메랄드모텔,35.16607849,129.115572
딥슬립호스텔,35.1649612,129.1144856
호텔스미스,35.16668807,129.1157195
호텔웁스,35.16686745,129.1156296
제이모텔,35.15842967,129.112752
웁스호텔,35.16686743,129.1156296
그랜드모텔,35.16755326,129.1168467
타임모텔,35.16760387,129.116912
정수장여관,35.1668853,129.1160336
호텔더라찌,35.15527099,129.1131799
홈스위트홈,35.15062131,129.1133249
부산아시아영화학교,35.15180194,129.1078474
한림장여관,35.15333162,129.1128366
302PLACE,35.15425538,129.1142864
유성모텔,35.15850437,129.1138991
버들,35.15802701,129.1194556
씨티모텔,35.15905977,129.1129033
지게스트하우스,35.15998062,129.1163084
몽뜨뢰모텔,35.16621774,129.1156769
디스커버리부산게스트하우스,35.16734883,129.116424
JENNYHOUSE,35.15630799,129.112308
유리스테이,35.15630664,129.1123076
금련산청소년수련원,35.15516094,129.1022813
씨프렌드호텔,35.14820852,129.1132924
몰디브모텔,35.14553119,129.110645
광안대교게스트하우스,35.14486551,129.1115762
초하루게스트하우스,35.14663504,129.113652
루비모텔,35.14112273,129.1079021
비지니스모텔,35.14857159,129.1137128
호텔마레,35.14857159,129.1137128
델라디,35.14810188,129.1141239
썬샤인모텔,35.1464022,129.110891
부산세관수련원,35.14558397,129.1073299
사천모텔,35.14599788,129.1104065
코오롱호텔,35.14866821,129.1110666
갤러리호텔,35.14605111,129.1105322
레스큐,35.1426812,129.1089506
산장,35.14126169,129.1080706
릴리하우스,35.1469076,129.1113687
에이스모텔,35.1728097,129.1026402
금천모텔,35.16065961,129.1204853
수영별장,35.16730039,129.1182086
휴모텔,35.15887584,129.1216479
앤플랫,35.15891053,129.1251945
반게스트하우스,35.15516027,129.1186412
허니슬립,35.15516027,129.1186412
레이게스트하우스,35.15491892,129.1189844
발리하우스,35.15504669,129.1197188
WETEVER,35.15540688,129.1201836
에이치라운지,35.15516457,129.1211644
광안273,35.15591404,129.1235628
에이모텔,35.15587363,129.1250166
커플라운지게스트하우스,35.15473551,129.1199642
피코블루,35.1550896,129.1209864
이화맨션,35.15504543,129.1208439
뷰티풀뷰부산-광안대교,35.15772457,129.1336522
베스트루이스해밀턴호텔,35.15557963,129.1240009
케이게스트호텔,35.15643307,129.125353
꿈모텔,35.15597911,129.1213638
패닉,35.15536152,129.1216669
광안리게스트하우스제이네하우스,35.15667661,129.1213086
비에이치스토리,35.15597773,129.1213595
마린뷰호텔,35.1541667,129.1244005
오션뷰호텔,35.15398788,129.1243889
브라운도트호텔,35.15405956,129.1246982
에이치에비뉴호텔,35.1539705,129.1245151
오션스테이호텔,35.1539705,129.1245151
오션투헤븐,35.1539705,129.1245151
오션 더 포인트 호텔,35.1539705,129.1245151
더베이클럽호텔,35.1539705,129.1245151
오션더포인트호텔,35.1539705,129.1245151
호텔디옴므,35.15396161,129.1245126
선게스트하우스,35.15646,129.1247968
와바모텔,35.15674252,129.1254924
넘버25호텔 광안점,35.15520167,129.124822
스타호텔,35.15577556,129.1250287
NO25호스텔,35.15520167,129.124822
넘버25호텔,35.15520221,129.124822
벡스코호스텔,35.15403097,129.1255592
수변모텔,35.15522991,129.1254051
수변,35.15523298,129.1254114
호텔더그랑,35.15585579,129.1252446
와이모텔,35.1557914,129.1255746
페트라하우스,35.15713434,129.1260372
게스트하우스어반,35.15700297,129.1259036
레지던스호텔 다온채,35.15770589,129.1264923
광안스테이,35.15783606,129.1267085
더블루게스트하우스,35.15590917,129.1335616
옐로우라이트하우스,35.15675734,129.1342605
베스타게스트하우스,35.16755041,129.118471
힐링하우스,35.15664596,129.122742
수박게스트하우스,35.15679699,129.1227545
가든장여관,35.156204,129.1233272
비엔나모텔,35.1576917,129.1291178
호텔런더너,35.15765609,129.128702
거북모텔,35.1566018,129.1247382
블루아트게스트하우스,35.15764327,129.1273955
더폼호스텔,35.15744773,129.126293
호텔야자,35.15683176,129.124842
더폼하우스,35.15744773,129.126293
호텔메종,35.15700292,129.1255247
레하,35.15656892,129.1245748
궁모텔,35.15786102,129.1275351
정수장여관,35.15763488,129.1259457
정수장여관,35.1575766,129.1258207
광안하우스,35.15765312,129.1254196
라움103,35.15479506,129.1318229
언플랜드88,35.15453083,129.1242139
스마일하우스,35.15513418,129.1240053
어반하우스펜트,35.15532352,129.1239039
더웨이브,35.15502586,129.1240219
휴일,35.15502586,129.1240219
캐슬비치관광호텔,35.15647403,129.1346236
호텔AG405,35.15646734,129.1346184
헤븐리펜트하우스,35.15462933,129.1241568
호텔헤이,35.15453083,129.1242139
Q모텔,35.15484656,129.1242143
게드게스트하우스,35.15472203,129.124115
H에비뉴,35.15339247,129.1245905
바다산책펜트하우스,35.15473349,129.1320696
아정모텔,35.15444353,129.1242293
더엠모텔,35.15530936,129.124792
어반하우스,35.15524528,129.1245619
브라운도트호텔,35.16859428,129.11412
귀빈모텔,35.16886138,129.1137715
샤토드메종,35.1727557,129.1109978
블루밍모텔,35.1727861,129.1104005
대호모텔,35.16819191,129.1149846
알프스모텔,35.16820902,129.1148244
옥천탕여관,35.18868124,129.0771601
미진장여관,35.18150577,129.0710696
무진장여인숙,35.18217097,129.0706464
제일여관,35.18856684,129.0727236
진성여관,35.18052082,129.0786919
브이호텔,35.18581461,129.0794012
MU모텔,35.18569621,129.0795271
태양장여관,35.18565287,129.0790962
더 제니스 호텔,35.18524061,129.079743
우노레지던스,35.18607556,129.0788042
아바모텔,35.18553781,129.0793459
R모텔,35.18580678,129.07922
아마레호텔연산점,35.18640951,129.0786249
시애틀비 호텔,35.18627897,129.0788869
호텔야자 연산1호점,35.18652291,129.0783914
호텔 스미스,35.186644,129.078785
호텔야자 연산1호점,35.18652291,129.0783914
위드모텔,35.18724909,129.0800896
엘루이모텔,35.18741013,129.079653
조이모텔,35.18773513,129.0831759
WABA모텔,35.18802994,129.0829077
아르빌,35.18759619,129.0829275
WABA모텔,35.18802537,129.0829121
노블모텔,35.18611571,129.0833798
로즈모텔,35.18641709,129.0840616
궁전모텔,35.18629878,129.0839006
PRINCESS게스트하우스,35.18643061,129.1080591
OH모텔,35.18632534,129.1066097
태양빌,35.18637531,129.1067847
더킹호텔,35.18585239,129.1069609
산호장여관,35.19003907,129.0910038
한양장여관,35.19145822,129.0901359
토곡장여관,35.18754981,129.1067032
신성하우스,35.18328379,129.1075408
브라운도트 호텔 연산토곡점,35.18564384,129.106574
호텔로이,35.18587762,129.106534
투헤븐호텔,35.18653226,129.1066296
연산 토곡 그레이191 호텔,35.18516296,129.1065378
호텔 로이,35.18590697,129.1066112
새림장여관,35.18755737,129.1065143
호텔오마이,35.18496721,129.1065658
황토방모텔,35.18534142,129.1065559
발리호텔,35.18739121,129.0841787
샤이어호텔,35.18675928,129.0831931
일루아,35.18653138,129.0836739
프린스모텔,35.1871947,129.0827007
휴모텔,35.18698253,129.0823158
아르반 시티 호텔,35.18697407,129.0833083
발리모텔,35.18747759,129.0842955
초원장여관,35.18735929,129.0849097
퀸스모텔,35.18758562,129.0839292
샤이어모텔,35.18675772,129.083223
동희장여관,35.1874877,129.0847492
호산나하우스,35.19090152,129.0927471
드림텔,35.18538901,129.0869753
JHOUSE,35.18632067,129.0866699
BEXCOB앤B,35.1886327,129.1069424
포시즌,35.18699163,129.0798789
토마토모텔,35.18678913,129.0804045
파라다이스모텔,35.18683477,129.0802786
태화장여관,35.18423515,129.0821458
호텔더루아,35.18436118,129.0820014
모모장여관,35.18440633,129.0818929
필365모텔,35.18430987,129.0814778
연산장여관,35.18493722,129.0829803
BNB호텔,35.1851302,129.0830607
웁스모텔,35.18496695,129.0816166
카리브모텔,35.18551296,129.082865
잠자리모텔,35.18553589,129.083132
원하우스,35.18517357,129.0826531
유아인호텔,35.18539766,129.0830986
17th 호텔,35.18603202,129.0803314
하운드호텔 연산,35.18606603,129.0794033
문화장여관,35.18568659,129.0790197
다이아몬드호텔,35.18772367,129.0793516
와이유모텔,35.18574096,129.0775119
부원장,35.18642857,129.0780412
게스트하우스안,35.18189672,129.0821762
아이유모텔,35.18376028,129.0813862
아이유모텔,35.18376028,129.0813862
엠버스호텔,35.18394103,129.081643
힐튼모텔,35.1872468,129.0809137
굿스테이 센트럴 호텔,35.1877504,129.0815451
미라보관광호텔,35.18771027,129.080662
목화호텔,35.18806053,129.0806004
굿타임모텔,35.18201107,129.0799161
칠성여관,35.1827319,129.0827743
엔젤장,35.1875763,129.0827456
엔젤모텔,35.1875774,129.0827509
다우장모텔,35.18782844,129.0818378
브이모텔,35.18799008,129.0825635
MU플러스모텔,35.18784311,129.0827783
궁락모텔,35.1878133,129.0823481
유신모텔,35.18779614,129.0825846
필모텔,35.18742988,129.0825388
파크모텔,35.18761495,129.0824377
럭스모텔,35.18783811,129.0818846
앙소르홈텔,35.18814017,129.0824758
JAGUESTHOUSE,35.18859408,129.0819823
피아노,35.18805393,129.0827557
호텔얌,35.1881073,129.0826178
하운드호텔 연산,35.18609048,129.0793938
동명장모텔,35.08989361,129.0380933
썸모텔,35.09096282,129.0397144
원모텔,35.09078306,129.0396412
이화모텔,35.08978689,129.0395471
평화모텔,35.08985167,129.0397988
이패션모텔,35.08983811,129.0402205
행운모텔,35.09145964,129.0378228
씨사이드모텔,35.09068553,129.0369398
큐브모텔,35.09072127,129.0392963
아이존모텔,35.09000841,129.0382973
나인모텔,35.09030756,129.0383973
이브모텔,35.09153509,129.038094
블루모텔,35.09077676,129.0384046
항구모텔,35.09029086,129.0374537
청호여관,35.08852071,129.037084
청호여관,35.08850846,129.0370796
동아장여관,35.08980512,129.0364065
원모텔,35.09078677,129.0396386
향남모텔,35.09195561,129.037582
실크로드,35.09253734,129.0396348
아마존모텔,35.0930713,129.0396826
송원모텔,35.09320872,129.0391771
덕수모텔,35.09270624,129.039576
우리모텔,35.09271638,129.0394591
동백모텔,35.09291287,129.0393857
태성파크모텔,35.09145388,129.0390723
첼로모텔,35.09149909,129.0389412
태성파크모텔,35.09144138,129.0390696
노스하버호텔부산,35.09394251,129.0373614
비지비미디호텔,35.09394266,129.0373709
이지이지게스트하우스,35.094489,129.0365709
미디호텔부산,35.09401694,129.0373291
한국모텔,35.09258688,129.0376703
남일여인숙,35.09250397,129.0378883
비취모텔,35.09290157,129.038664
베이하운드호텔,35.09314878,129.038423
지오모텔,35.09303087,129.0391604
신데렐라모텔,35.09149401,129.0398103
씨네모텔,35.09139641,129.0397708
오투모텔,35.091325,129.0397146
우창모텔,35.09262987,129.0402645
낙원장,35.09163777,129.0422684
O.K모텔,35.09207357,129.041697
낙원장여관,35.0916378,129.0422684
리베모텔,35.09200701,129.0419257
희빈모텔,35.09109853,129.0408841
설화장여관,35.09052309,129.0416166
E모텔,35.09096587,129.0403832
녹원모텔,35.09063369,129.0413
문화모텔,35.09258441,129.0406488
핑크모텔,35.09267564,129.0407919
문화장,35.09260173,129.0406557
강남모텔,35.09214121,129.0407883
신원모텔,35.0924324,129.0409185
드림모텔,35.09210809,129.0420171
테마모텔,35.09214819,129.0423166
파티파티룸룸,35.07682395,129.071029
산해모텔,35.07960864,129.0705029
모텔G2,35.06594177,129.0808537
함지골청소년수련관,35.07445344,129.0541515
아란치모텔,35.06845251,129.0809154
태종파크텔,35.06491823,129.080614
M모텔,35.06889394,129.081151
하얀성모텔,35.06884933,129.0814533
비치모텔,35.06920404,129.0812588
오션하우스,35.07128552,129.0619956
에메랄드오션뷰,35.07128552,129.0619956
스쿠버하우스,35.06117284,129.0774269
호텔브릿지,35.09416941,129.0389774
라발스호텔,35.09448004,129.0391321
글랜스호텔,35.09344561,129.0388484
제이모텔,35.09342294,129.0390287
J,35.09341643,129.0390299
유성장여관,35.09370839,129.0397245
럭셔리모텔,35.09366094,129.0393008
럭셔리모텔,35.0935825,129.0393221
미미장여관,35.09345093,129.0408423
프리하우스,35.09303507,129.0550097
프린스여관,35.0904525,129.042658
만덕장,35.08633451,129.0407102
동남모텔,35.08706736,129.041156
만덕장여인숙,35.08643169,129.0407754
더페이지게스트하우스,35.07834226,129.0452173
해성장여관,35.09512909,129.0643142
미르게스트하우스,35.08599284,129.0647547
시모하우스,35.091859,129.0571165
윤슬가,35.09339843,129.0580842
청학소담,35.09352141,129.0582109
아레,35.09643451,129.058346
조양장여관,35.09597031,129.0621113
조양장여관,35.09596346,129.0621182
대영,35.09671112,129.0599654
대영여관,35.09677581,129.0599623
큐모텔,35.09725968,129.0607209
큐모텔,35.0965043,129.0637573
콤마모텔,35.09842914,129.0345374
하버펜트하우스,35.0983985,129.0345426
이코노미24게이스하우스,35.09938406,129.0345147
더라스트호텔,35.09887569,129.0337625
힐게스트하우스&카페,35.09882729,129.0339604
이코노미24게스트,35.09938548,129.0345231
그랜드모텔,35.0989423,129.0344908
WA호텔,35.09904314,129.034993
바르도호텔,35.09930783,129.0325369
동산장모텔,35.10008856,129.0315649
이지스테이,35.09981123,129.0315
24게스트하우스,35.09682595,129.0264085
24게스트하우스,35.09764829,129.0345052
시나몬트리게스트하우스,35.09687563,129.0354357
호텔모모,35.09672876,129.0354641
베이202호텔,35.09892131,129.0313233
스테이웰호텔,35.09793834,129.0333936
펀스테이게스트하우스,35.09808016,129.0326388
글로벌인부산남포동호텔,35.09794737,129.0333995
미니호텔메이,35.09828341,129.032287
호텔린,35.09828341,129.032287
K게스트하우스,35.09813514,129.0329179
K게스트하우스,35.09801969,129.0330494
오렌지게스트하우스,35.09799467,129.0308418
브로시스호텔,35.09859519,129.0308887
대성여인숙,35.09727594,129.0310667
평화여인숙,35.09739679,129.031136
대원장모텔,35.09765104,129.0313646
동명장여관,35.09771907,129.0308416
스탠포드인부산,35.09785869,129.0299505
호텔포레프리미어,35.09841612,129.0296679
J모텔,35.09869812,129.0301556
동성장여관,35.09745844,129.0297872
해변의모텔,35.09721742,129.0288311
코코캡슐게스트하우스,35.09743209,129.0290747
라운지26,35.0973621,129.0287837
부국모텔,35.09732496,129.0286544
팝콘호스텔,35.0977582,129.0295468
갤러리G모텔,35.09759622,129.0289757
부영장여관,35.09754211,129.0287468
호텔노아,35.09748192,129.0292844
테라게스트하우스2,35.09701399,129.0298482
동궁장여관,35.09771589,129.0301916
명성장모텔,35.09777506,129.0304758
남성장여관,35.09762867,129.0297442
삼원장,35.09787867,129.030169
TERRA게스트하우스,35.09654092,129.0301972
24게스트하우스,35.09689656,129.0263606
MGM호텔,35.09794813,129.026131
브이호텔,35.0978713,129.0257736
세븐모텔,35.0979391,129.0259669
V3모텔,35.09842696,129.0276425
게스트하우스디어문,35.09836846,129.0268976
대광모텔,35.09698729,129.0271894
태양장,35.09659254,129.0262818
오션투헤븐호텔앤스파,35.09669044,129.0266548
모텔트리,35.09674413,129.0262006
대성모텔,35.09661693,129.0284535
BIFF게스트하우스,35.0982571,129.0269694
로망스모텔,35.09813361,129.0269815
로즈모텔,35.09818991,129.0270503
신흥,35.09804906,129.0275019
평안여인숙,35.09812452,129.0269758
그린힐,35.09812504,129.0271321
토요코인호텔,35.10902456,129.0366463
천우장,35.11057946,129.0372316
수민,35.11031261,129.0371013
K79게스트하우스,35.10258922,129.0304784
넘버25호텔,35.10311942,129.031695
호텔콘트,35.10190464,129.0314402
로얄장,35.10334706,129.0287903
OCEAN&SKYBABA,35.10715491,129.02943
테라게스트하우스2호점,35.09699494,129.0298651
하늘섬게스트하우스,35.09990907,129.0354688
부산관광호텔,35.10057499,129.0346015
부산장모텔,35.10019603,129.0341674
MU호텔,35.09993967,129.0342552
동산여인숙,35.1003479,129.0344566
비엔비펜션,35.10000638,129.0343348
소유호텔,35.10081706,129.0343742
아로마모텔,35.09957744,129.0341094
호텔야자,35.09991692,129.0345709
부산게스트하우스타워,35.10028687,129.0341365
아리아호텔,35.10075166,129.0339713
엘리제호텔,35.10103081,129.0339701
더하운드호텔,35.10201804,129.0339878
엘리제호텔,35.1010197,129.033979
태양모텔,35.10219681,129.0345524
에이스모텔,35.10179607,129.0342271
와이티티호텔남포,35.10154966,129.0347067
타워힐 호텔,35.10113477,129.0343481
호텔더그랑프리미엄남포,35.10155457,129.0347173
호텔더그랑,35.10155552,129.0347277
에이스모텔,35.10179607,129.0342271
타워힐호텔,35.10112619,129.0342849
몽베르모텔,35.10164882,129.0342524
별장여관,35.1018357,129.0342257
폭시모텔,35.10095843,129.0338195
공공하우스,35.10308701,129.0344928
호텔40계단,35.10405777,129.03443
화춘장여관,35.10513082,129.0345763
호텔40계단,35.10405081,129.0344244
방공호게스트하우스,35.10371209,129.0265534
보수장모텔,35.10341653,129.0263326
보수장모텔,35.10341891,129.0263293
호텔그레이,35.10373011,129.0243914
보하모텔,35.10352584,129.0228674
호텔빌리,35.10515918,129.0216498
빌리호텔,35.10515874,129.0216415
로즈텔,35.10380921,129.0217769
게스트하우스나우,35.10480299,129.0220916
놀게스트하우스,35.09955762,129.0275543
오아시스,35.09931413,129.0265351
마이호스텔,35.09905857,129.0265386
파크모텔,35.09897674,129.0266572
테마모텔,35.09916287,129.0265403
오아시스모텔,35.09920371,129.0264189
유일모텔,35.09880706,129.0265285
모텔리베,35.09885154,129.0266263
새피아모텔,35.09896591,129.026551
그랜드모텔,35.09878022,129.0266477
아젤리아여관,35.0988509,129.0267981
프린스모텔,35.09902139,129.026813
영빈장여관,35.0990557,129.0266594
그린장,35.09892438,129.0268344
하루애,35.10025368,129.0267022
게스트하우스부산깡통야시장,35.10142108,129.0266465
우리게스트하우스,35.09955931,129.0259674
우리모텔,35.09970674,129.026059
호텔미니,35.09876298,129.0257971
원모텔,35.09888978,129.0257658
부산,35.0985209,129.0257539
송원모텔,35.09910591,129.0253278
헤르메스호텔,35.09922176,129.0252212
미도장,35.0989004,129.0254804
대호장여관,35.10037863,129.0254213
제이온게스트하우스,35.10055941,129.0258581
굿스테이 대영 호텔,35.10110154,129.0255511
동성장여관,35.10151544,129.0263561
동성장,35.10149284,129.0263677
실암정,35.10151694,129.0256422
호텔마르쉐,35.10023763,129.0252913
호텔보브,35.10022128,129.0248422
지앤비호텔,35.10123942,129.0248185
오륙도모텔,35.10077538,129.0239775
해림사우나&휘트니스,35.10092804,129.0242846
투헤븐호텔,35.10134955,129.0242851
금강장,35.10255383,129.0244885
MK게스트하우스,35.1009672,129.0236368
황토방,35.10260237,129.0229042
넨네,35.10239569,129.0305602
더로컬,35.10191309,129.0299791
허니하우스,35.10075979,129.0289247
로케트하우스,35.1020423,129.0288565
큐브모텔,35.11050913,129.0364611
큐브모텔,35.11050913,129.0364611
모텔몽,35.11065009,129.0366601
스카이-힐,35.11013846,129.0365508
더로찌,35.11050908,129.0364611
월드굿즈,35.11053529,129.0302634
방사시게스트하우스,35.11120396,129.0311457
힐사이드관광호텔,35.10923822,129.0359654
코모도호텔,35.10917144,129.035458
G호텔,35.10905006,129.0359224
책앤아웃호스텔,35.11280808,129.0363429
호텔더루아,35.10083809,129.0353054
수이호스텔,35.10108664,129.0360053
배러댄와플센트럴파크호텔,35.10050339,129.0359479
센트럴파크호텔,35.10051662,129.035957
용두산게스트하우스,35.10153648,129.0352207
민트하우스,35.102453,129.0361149
부산파티게스트하우스,35.1018529,129.0349181
숨,35.10203532,129.0358699
금화여관,35.10587739,129.0350441
단디게스트하우스,35.10413773,129.0345949
단디게스트하우스,35.10414338,129.0346609
크라운하버호텔,35.10756227,129.0367993
뉴브이모텔,35.11004531,129.0378742
마리나모텔,35.10698752,129.0383534
그레이194호텔,35.10855875,129.0376377
비센트호텔,35.1107605,129.0392706
서울모텔,35.10572482,129.035622
반달호텔,35.10603221,129.0351503
커넥트부산호텔,35.10044601,129.0373871
휴플러스게스트하우스,35.09969971,129.0369915
플래티넘호텔,35.09903456,129.0304808
플래티늄호텔,35.09903754,129.0304798
호텔아벤트리부산,35.09980908,129.0295783
금빛장여관,35.23242609,129.1542518
동원모텔,35.23219692,129.1538751
초원장 여관,35.22573662,129.1482118
수복장여관,35.2294428,129.1485558
수복장모텔,35.22944236,129.1485525
인호텔,35.23272662,129.1553963
합천여인숙,35.23259169,129.1550972
은재모텔,35.23231333,129.1544872
DAVIDSGUESTHOUSE,35.23194693,129.1547373
해피하우스,35.20437056,129.1228264
대구장여관,35.20668892,129.12286
목화장여관,35.20693221,129.1218003
강릉여행가이드의집,35.19880313,129.1183955
가든장여관,35.20076747,129.1314304
금수장여관,35.20048902,129.1313866
센텀게스트하우스,35.17181459,129.1341813
VIP민박,35.18146713,129.2053755
부산송정바다민박,35.18176702,129.2014134
나인테마모텔,35.18330017,129.2049506
곰곰이민박,35.18095054,129.2054256
송정마루민박,35.18164198,129.2041758
GO모텔,35.18207529,129.2057631
송정여인숙,35.18416107,129.2003296
풀하우스펜션,35.18329965,129.2052239
풀하우스민박,35.1832581,129.2054795
송정아토펜션,35.1835851,129.2053194
여우비호텔,35.1824337,129.205479
넛지567펜션,35.17543173,129.1964618
25TH호스텔,35.17856524,129.1978987
올라호텔,35.17686458,129.1968053
마린케이풀빌라펜션,35.1806066,129.1992106
펜톤나인,35.17953573,129.1986237
스테이모어빌리지펜션,35.17347061,129.1963971
스테이모어호스텔,35.17371724,129.1962911
카이브,35.1796469,129.1986103
송정오셔너스,35.17702399,129.196863
25THHOSTEL,35.17856026,129.1978942
플레르 호텔,35.17535999,129.195939
카이브 2호점,35.17639906,129.1964218
뉴카리브호스텔,35.17702922,129.1968696
펜트하우스,35.17642117,129.1964462
브라운도트호텔,35.17875947,129.197312
라온호텔,35.17765562,129.197353
송정마루민박,35.17722889,129.1970515
모닝캄펜션,35.17560616,129.1964513
송정 스테이모어펜션,35.17372203,129.1962516
플레르 호텔,35.1753527,129.1959441
샤인우드펜션,35.17354446,129.1963707
송정미연,35.17644389,129.1958542
부흥민박,35.17836727,129.1967014
스위트펜션,35.17590916,129.1955516
이너피스 펜션,35.17417823,129.1957237
ALOHA게스트하우스,35.17673406,129.1956641
일로이리조트,35.17006048,129.1971551
두포민박,35.16808791,129.1968905
서울하우스,35.18196188,129.2049622
송정토마토민박,35.18175019,129.2039946
레드MUN,35.18151356,129.2057658
현대민박,35.18249586,129.2040546
다다민박,35.18177313,129.2045049
마루민박,35.18160432,129.2040776
펜션민박 레드문,35.18151356,129.2057658
그린민박,35.18178374,129.2047756
호텔홍단,35.18177008,129.205342
동원비치민박,35.18226697,129.2037132
고하우스,35.1821925,129.204002
CC민박펜션,35.18164523,129.2049506
뉴송정민박,35.1825685,129.203967
대연민박,35.18262948,129.2038106
게스트하우스송정,35.18169677,129.2042608
송정등대민박,35.18138022,129.2054071
옥탑민박,35.18225193,129.2037057
호텔가인,35.18191786,129.2051625
애플모텔,35.18420378,129.2028469
호텔하루,35.18416673,129.2028007
올리브하우스펜션,35.1831026,129.2033453
송정네이티브,35.18325089,129.2041606
마리나모텔,35.18338289,129.2044801
소림장여관,35.18302517,129.2046381
호텔야자,35.18314564,129.2051425
호텔빙고,35.18307836,129.2048627
호텔데이즈A,35.18311934,129.20516
호텔데이즈B,35.18307836,129.2048627
빙고모텔,35.18308748,129.2048553
비치웨이 게스트하우스,35.18094349,129.201819
깡이하우스,35.18186869,129.2040696
송정호텔블루캐슬,35.18102927,129.2011106
송정초원민박,35.18100679,129.2033449
무무스하우스,35.18186869,129.2040696
라이온비치하우스,35.18129729,129.2039013
우리민박,35.18089213,129.2011884
옛날민박,35.18122527,129.2037782
둘리민박,35.18204196,129.2040258
송해여인숙,35.18195858,129.2025633
미래민박,35.18138371,129.2032508
도가집민박,35.18145038,129.2026258
김가네민박,35.18141806,129.2040771
신세계민박,35.18162538,129.2038757
송원펜션민박,35.1820086,129.2027633
늘푸른,35.18172113,129.202933
미니펜션U앤I,35.18168371,129.2038883
태화장민박,35.18110746,129.2032956
진주민박,35.18080228,129.2013328
히딩크펜션,35.18111129,129.2038373
푸른민박,35.18170639,129.2026605
함흥슈퍼민박,35.18078713,129.2009801
알리바바펜션,35.18147969,129.2033942
에스스테이펜션,35.18140758,129.2020978
앙스모멍,35.18147479,129.2030888
욜로101,35.18094349,129.201819
브이호텔,35.18227318,129.2050655
송정호텔젬,35.182738,129.2053497
송정호텔젬,35.182738,129.2053497
은지,35.1821504,129.2048213
해돋이,35.1821504,129.2048213
보라카이모텔,35.18245236,129.2051461
감동호텔,35.18250807,129.2046925
해돋이여관,35.18220351,129.2048592
V모텔,35.18234199,129.2050006
부산송정민박,35.18238441,129.2045428
2월호텔,35.18304077,129.2050736
아이엠호텔,35.18259568,129.2052574
코코호텔,35.1822415,129.205305
세븐모텔,35.18272742,129.2048272
감동호텔,35.18251104,129.2047183
송정호텔젬,35.18274398,129.2053861
보라카이모텔,35.18246361,129.2051477
아이엠호텔,35.18260892,129.2052197
GO모텔,35.18200433,129.2055457
송정 GB그리다펜션,35.18001432,129.1990006
송정스카이풀빌라펜션,35.17905844,129.1983834
빌라코트야드,35.18155214,129.2000161
송정스카이부티크,35.17905837,129.1983834
어썸하우스,35.17795606,129.1978267
마레민박,35.17634247,129.1966515
해운대카라반펜션,35.17669249,129.1967265
네버엔딩웨이브,35.18044846,129.1993003
윙민박,35.18222168,129.2005472
금하민박,35.17942926,129.1987261
금강민박,35.17634251,129.196539
송정스카이풀빌라펜션,35.17905844,129.1983834
사계민박,35.18110041,129.2005135
굿모닝 게스트하우스,35.18098113,129.2022332
에이플러스펜션민박,35.18134213,129.2047256
송정바다뷰펜션 커플 가족 단체,35.18093379,129.2041882
동우장,35.18110866,129.2028133
부영민박,35.18125039,129.2048506
소라민박,35.1811254,129.2037508
큰이모민박,35.18134211,129.2051881
부산 그레이샌즈풀빌라펜션,35.18092059,129.2027427
바다봄펜션,35.18096597,129.2047524
명진게스트하우스,35.18097815,129.2024577
나무늘보호텔 송정점,35.18082502,129.2025055
더설레임펜션,35.18156502,129.2047947
브룩스호텔,35.18113214,129.2047388
송정바다뷰펜션커플가족단체,35.18092432,129.2041568
달로달리펜션,35.18145403,129.2049168
브룩스1,35.18132273,129.2046942
브룩스1,35.18122173,129.2048239
송정아바호텔,35.18133017,129.2049923
돌담하우스,35.18089778,129.2045562
뉴비치팬션,35.18104641,129.2045907
송정호텔,35.18109984,129.2030877
달로달리펜션,35.18145463,129.204912
인연민박,35.18099236,129.2035947
쿨펜션,35.18127487,129.205334
라임펜션,35.18104939,129.2027964
동원비치민박,35.18106337,129.2034689
1812게스트하우스,35.18095436,129.2028925
아리랑펜션,35.18111986,129.204343
호텔S,35.1806618,129.2019498
송정해수락,35.1814749,129.204382
송정해변펜션,35.18093937,129.2020734
 송정 빈티지하우스 펜션,35.1807296,129.2022644
명진게스트하우스,35.18100937,129.2024173
윌모텔,35.18403527,129.2004728
베이 호텔,35.18403108,129.200469
쇼호텔,35.16230504,129.1575042
더블루힐VIP센텀하우스,35.16599251,129.1324324
라마다앙코르 바이윈덤 부산 해운대,35.16328362,129.1596422
해운대게스트하우스,35.16191524,129.1598749
비바청춘게스트하우스,35.16231987,129.1602568
런더너호텔,35.16126027,129.1573244
오즈미니호텔,35.16222209,129.1589639
하운드호텔 해운대,35.16102708,129.156787
하운드 가든&테라스 호텔,35.16116956,129.1570419
그레이게스트하우스,35.16254941,129.1587962
에스원호텔,35.16141023,129.1575528
WA호텔,35.16160947,129.1572573
솔게스트하우스,35.16227582,129.1590824
소사이어티호텔,35.16163198,129.1578001
2F게스트하우스,35.16246027,129.1587945
더비치호텔,35.16222614,129.158372
루이스호텔,35.16174516,129.1574882
SC헬싱키호텔,35.16197419,129.1579602
이코노미 해운대,35.16229038,129.1590667
키다리하우스,35.16158266,129.1577012
JB디자인호텔,35.16169342,129.1580468
준호텔,35.16206866,129.1586859
잉카모텔,35.1614736,129.1570132
판다게스트하우스,35.16186844,129.1587832
티스테이모텔,35.16159442,129.1588767
더베이호텔,35.16149183,129.1580662
스카이게스트하우스해운대,35.16186968,129.1587913
호텔여기어때,35.1610756,129.1579451
싼타페모텔,35.16165786,129.1590374
폭시호텔,35.16123327,129.1583219
미호텔,35.16178131,129.1591869
더홈게스트하우스,35.16186616,129.1587849
게리쿠퍼호텔,35.16201956,129.1590388
GNG,35.16164721,129.1583272
산타페모텔,35.16167014,129.1590427
온모텔,35.16115702,129.1581423
브이모텔,35.16127339,129.1577361
폭시호텔,35.1612524,129.158314
노블레스모텔,35.16118558,129.1575377
넘버25호텔,35.1609972,129.1572047
굿데이메이트 게스트하우스,35.16317783,129.15996
그레이그라운드호텔,35.16126217,129.1587203
세이죤빌,35.16150184,129.15958
인디호텔게스트하우스,35.16121109,129.1585988
인더스트리호텔,35.16161012,129.1593238
포유호텔,35.16109412,129.1583311
팍스게스트하우스,35.16238323,129.1621238
로드비치호텔,35.16113224,129.1596491
투헤븐호텔,35.16086756,129.1603373
바다펜션,35.16149264,129.1599359
해운대 소라펜션,35.16120234,129.1599351
해변펜션,35.1613685,129.1599551
호텔여우비,35.16212552,129.1580153
발렌타인호텔,35.16174061,129.1571746
해운대블루호텔,35.16246257,129.158409
호텔브릭스,35.16201327,129.1576345
K게스트하우스,35.1624603,129.1584104
해운대비지니스호텔S,35.16165591,129.1569802
아이엠레지던스,35.16213456,129.1578372
쇼호텔,35.16230524,129.1574938
오게스트,35.16267837,129.1586225
웨스틴 조선 부산,35.15603204,129.154091
하이코리아 호스텔,35.1596687,129.1536886
파크하얏트부산호텔,35.15653218,129.1417635
동남해상관광호텔,35.15557069,129.1474691
오션뷰,35.15522916,129.142398
더스위트하우스,35.15932559,129.144242
CLOVERHOUSE,35.15785994,129.1475482
한화리조트,35.15442132,129.1450164
센텀프리미어호텔,35.16686698,129.1314749
하이클래스,35.16575057,129.1313385
스테이세븐 센텀 비즈니스,35.16694831,129.1329593
해운대센텀호텔,35.1678464,129.1328184
호텔메리케이센텀,35.1678107,129.1328178
중문더웰테라스,35.17179177,129.1318822
제이썬 하우스,35.16385018,129.1569949
부산다온하우스,35.16526176,129.1583285
궁모텔,35.16408857,129.1616538
블루보트게스트하우스,35.16377141,129.1614352
퍼스트게스트하우스,35.16402063,129.1602438
설렘,35.16382347,129.1612743
Y 게스트하우스,35.1638239,129.1612696
피오니하우스,35.16430558,129.1617918
마더리스모닝캄,35.17524126,129.1299823
낙원여관,35.16478481,129.160455
리버힐민박,35.16000184,129.1515809
팰릭스바이에스티엑스,35.16296343,129.1584534
벡스코스테이,35.16572876,129.1408816
마망하우스,35.16572876,129.1408816
에이치스테이호텔,35.16275601,129.1583257
그린하우스,35.1687391,129.1400825
시오하우스,35.16651817,129.1387527
신라스테이,35.15983862,129.1587613
문동이네게스트하우스,35.16010287,129.160058
샹그리아여관,35.16037694,129.1582428
J게스트하우스,35.16038457,129.1580937
ONDA모텔,35.16026932,129.1588132
잠자리모텔,35.16086708,129.1579573
피카소 모텔,35.16068899,129.1571747
티에스에이,35.16060671,129.1575678
GP Hotel,35.16060589,129.1577531
달빛테라스,35.16063693,129.1589891
노엘비지니스호텔,35.16046232,129.1585259
호텔얌,35.16060575,129.1575789
엘리게스트하우스,35.16039526,129.1589131
위게스트하우스,35.16067579,129.1588443
클럽호텔,35.16074134,129.1568937
JJINN호텔,35.16049921,129.1582682
"더블유모텔, 부산 해운대구 해운대로59번가길 4",35.16079838,129.1566393
피카소모텔,35.1606916,129.1571753
MU모텔,35.16054278,129.1595499
HOTEL WOW,35.16057331,129.1591837
에이스모텔,35.16121992,129.1591914
플로스호텔,35.16077836,129.1591158
HOTEL WOW,35.1605894,129.1591745
호텔오,35.16121844,129.1591807
부산관광공사,35.16480406,129.1383192
씨앤요트,35.15976504,129.140518
오션뷰스테이,35.16291023,129.1371282
쌍봉게스트하우스,35.15969746,129.1595888
요트스테이,35.16167643,129.1396319
그린나래호텔,35.15902463,129.1568472
글로리콘도,35.15944038,129.15786
부산요트투어 요트아일랜드,35.16070988,129.1407068
호텔야자,35.15911658,129.1536747
더반호텔,35.15923553,129.1538904
호텔인트로,35.15903501,129.1534684
해운대캔버스게스트하우스,35.15925786,129.1526569
캔버스호스텔블랙,35.15936786,129.1529875
더펫텔프리미엄스위트,35.15924032,129.1530968
호텔109,35.15930346,129.1533196
아크블루호텔,35.15957826,129.1565465
라빈모텔,35.1598604,129.1549747
오뜨호텔,35.15957568,129.1563662
베스트루이스해밀턴,35.15964244,129.1545884
베이몬드호텔,35.15956148,129.1567516
호텔라빈,35.1598519,129.1550556
아크블루호텔,35.15951013,129.1565776
오뜨바다전망호텔,35.15958261,129.1563668
베스트루이스해밀턴호텔,35.15963531,129.1545889
나인모텔,35.15991541,129.1546766
오렌지호텔,35.15965598,129.1543961
파스텔여관,35.15993783,129.1542433
바게트호텔,35.15961576,129.1538289
동백민박,35.16017682,129.1540931
해운대호텔 모모쥬스,35.15948763,129.1542391
동백섬게스트하우스,35.15926351,129.1543433
아이리스모텔,35.15945794,129.1539638
이비스버젯앰배서더,35.15907354,129.154502
호텔아라,35.16001194,129.1552197
이스턴베이호텔,35.1601764,129.1560435
씨모텔,35.15967921,129.1563971
하이부산게스트하우스,35.15991043,129.156017
시네마하우스부산,35.16035849,129.1561248
해운대뷰티크테라스호텔,35.16027059,129.1565201
하이코리아호스텔바다,35.15971862,129.1559805
김치게스트하우스해운대,35.15988256,129.15644
호텔블루스토리해운대,35.15990716,129.1574821
이비스앰배서더해운대,35.15991773,129.1579685
토요코인호텔,35.1594871,129.1573509
호텔포레프리미어,35.16069726,129.1602251
클라우드나인호텔,35.16074774,129.1597387
2NE1호텔,35.16045191,129.1599176
다인비치,35.16080194,129.1605926
호텔포레 프리미어 해운대점,35.16069322,129.1602565
호텔투애니원,35.16037928,129.1598817
리얼센텀하우스,35.17853729,129.1226791
해운대청소년수련관,35.19216733,129.127072
뉴프린스모텔,35.18636702,129.1214604
일월모텔,35.18649829,129.1216827
센텀하우스,35.18669607,129.1216448
그랜드모텔,35.18648153,129.1214528
버킹검모텔,35.1866684,129.1213002
제우스모텔,35.18570332,129.1221566
센텀J모텔,35.18652236,129.1220328
LIVELIKEKOREANHOUSE,35.18628003,129.1241839
알타치타하우스,35.19119639,129.1318766
세븐모텔,35.18410206,129.1217884
넘버25 호텔 센텀점 시그니처,35.18378284,129.1219274
라찌모텔,35.18353883,129.122125
목화장여관,35.18651498,129.1212849
스테이안 게스트하우스,35.18765593,129.1212318
와우모텔,35.18750719,129.1212441
센텀빌,35.18415418,129.1216463
이데아호텔,35.18428761,129.1216265
발렌타인모텔,35.18419922,129.1221877
재송동 더히트호텔,35.1845567,129.1226994
베이직하우스,35.18403756,129.1219123
호텔야자,35.18438056,129.1223064
프랜치코드,35.18428793,129.1221072
로망스모텔,35.1844444,129.1218151
임페리얼모텔,35.18455503,129.122723
프린스모텔,35.18404964,129.1219124
몽블랑 여관,35.1844063,129.1216301
로즈모텔,35.18443464,129.1228051
엘루이모텔,35.18416803,129.1230282
호텔S,35.183898,129.1220128
센텀모텔,35.18400592,129.1223359
그린파크모텔,35.18379026,129.1223827
에스모텔,35.18396527,129.1220453
M6모텔,35.18393187,129.1228827
No1모텔,35.18418326,129.1224776
유모텔,35.18375127,129.1225537
맥스모텔,35.18370976,129.1221734
자라모텔,35.18385498,129.1224579
마리포사모텔,35.1837539,129.122849
M6모텔,35.18391088,129.1228574
R모텔,35.18374058,129.123015
더제니스모텔,35.18390448,129.1232516
W모텔,35.18355174,129.1227096
홈스위트홈,35.17651301,129.1734263
타이완마미하우스,35.17826007,129.1747138
온앤온하우스,35.17943877,129.1787269
아리랑스테이,35.17197338,129.1823832
해운대 sunny's house,35.16855612,129.1660907
해운대JOO하우스,35.17069747,129.1661568
뉴파도소리,35.16715956,129.1636046
해운대몽돌하우스,35.1765925,129.1670227
호텔안,35.16917634,129.1766659
IN351게스트하우스,35.16405899,129.1680946
프리호텔,35.16375183,129.1752662
바다풍경펜션,35.16149081,129.1616996
바다풍경펜션,35.16147226,129.1617044
라비드아틀란호텔,35.16112987,129.161492
엘리시아부티크호텔,35.16017701,129.1621924
베스트웨스턴 해운대호텔,35.16043412,129.1611559
선셋비즈니스호텔,35.16012894,129.1614115
라메르펜션,35.16014497,129.1621363
리베로호텔,35.16224606,129.1612075
파라디아모텔,35.1620744,129.1620353
팍스게스트하우스,35.16238432,129.1621247
예그린민박,35.16066033,129.1621549
Uncle's guesthouse,35.16149453,129.1621513
찬게스트하우스,35.16151848,129.1621799
해운대바다민박,35.16064358,129.1620549
도담게스트하우스,35.16185177,129.1622674
더베이게스트하우스,35.161457,129.1620743
킹콩게스트하우스,35.16212807,129.1630456
엘시티레지던스,35.16039418,129.1687969
그랜드엘시티레지던스,35.16003236,129.1697009
시그니엘 부산,35.15987649,129.1697189
송도각모텔,35.16165104,129.1662073
폴에이리조트해운대,35.16229564,129.166662
Y게스트하우스,35.16190034,129.1652687
엘솔게스트하우스,35.16204548,129.1670065
마야게스트하우스,35.16155261,129.1657991
썬앤문게스트하우스,35.15831213,129.1823339
해운온천대중탕모텔,35.1618893,129.1659015
선트리호텔,35.15950146,129.1832134
일루아호텔,35.1588957,129.1745088
마리나빌라,35.15939059,129.1768153
W모텔,35.15922754,129.1827407
칸게스트하우스,35.16031068,129.1833531
R1GP레지던스,35.157461,129.1817908
해운대오피스텔민박,35.15931901,129.1747164
화미주연수원,35.16080228,129.1829531
물고기나무펜션,35.15828648,129.1722522
비치하우스,35.1587509,129.1714025
삼삼오오펜션,35.15862487,129.1715971
삼삼오오펜션,35.15867596,129.1716304
휘겔리 호텔,35.15843573,129.1719166
삼삼오오펜션,35.1586759,129.1716303
대구장여관,35.15830029,129.1722473
전망좋은모텔,35.15928002,129.1704371
미포유,35.16029609,129.1711769
미포오션사이드호텔,35.15886649,129.1705914
더위,35.15638474,129.1751376
비치레져텔,35.15844398,129.1712667
게스트하우스레움,35.15748583,129.1729666
해운대썬블루비치펜션,35.16075436,129.1714385
미포유게스트하우스,35.16031296,129.1711698
포도펜션,35.15688616,129.1738169
해운대비치모텔,35.15759013,129.1728957
비치노브텔,35.16075248,129.1709807
시원게스트하우스,35.1617614,129.1754087
챔프호스텔,35.16353237,129.1697828
CHEZJUNE,35.16210198,129.1768515
마마게스트하우스,35.162024,129.1632441
24게스트하우스,35.16308501,129.1619424
골든베이풀빌라펜션,35.16121862,129.1630923
해운대펜트하우스,35.16354881,129.1618488
멜론게스트하우스,35.16177861,129.163879
문탠모텔,35.16165485,129.163359
24게스트하우스,35.16314901,129.1618777
해운대소라텔하우스,35.16173536,129.1629385
가든모텔,35.16162998,129.1628325
해운대민박,35.16186653,129.163071
해운대온천호텔,35.1615079,129.1634238
백팩커스하우스,35.16187976,129.1630922
타임게스트하우스,35.16357152,129.1620465
뷰티크팰리스호텔,35.16343216,129.1628197
오륙도여관,35.16235088,129.1640342
파도소리모텔,35.16220979,129.1639483
매직모텔,35.16224272,129.164111
블루피쉬게스트하우스,35.16193579,129.1640867
맘게스트하우스,35.16279849,129.1648632
할매탕,35.16306792,129.1647693
청사포펜션,35.1621755,129.1938501
블루비치호텔,35.16021821,129.1905484
호텔카멜리아,35.15982977,129.1610982
그랜드조선,35.16000771,129.1631696
피앤에스호텔,35.16206728,129.1645234
UH Suite Landscape 4F,35.15982522,129.1611269
썬클라우드호텔,35.16044386,129.162247
페어필드바이메리어트부산호텔,35.16164084,129.1648446
경원장여관,35.16270177,129.1653672
뉴비치호텔,35.15988531,129.1616301
MS호텔,35.15982522,129.1611269
UH Suite The Haeundae,35.15982522,129.1611269
하야리게스트하우스,35.16073064,129.1624711
위드게스트하우스,35.16252643,129.1653064
팝콘호스텔 해운대점,35.16249266,129.1652704
베니키아호텔해운대,35.16227613,129.1648421
누리호텔,35.15983974,129.1609492
마리안느호텔,35.16149357,129.1646175
레지던스 더 문,35.16249589,129.1652587
석원장,35.16323594,129.1668169
금호장,35.16307954,129.1660484
파라다이스호텔,35.1602357,129.1652644
코오롱 씨클라우드 호텔,35.16042446,129.162123
청풍장온천여관,35.16264271,129.1664355
골든튤립해운대호텔&스위트,35.16226142,129.1658725
토요코인호텔 해운대2,35.15950695,129.1573545
정통부수련원,35.16008886,129.1610014
팔레드시즈,35.16021279,129.1665767
해운대영무파라드호텔,35.16092163,129.1665164
칠공하우스,35.16020157,129.1665793
골든리스트,35.16015224,129.166574
호텔 더 마크 해운대,35.16097077,129.1668835
해운대센트럴호텔,35.16095778,129.1672641
해운대 영무파라드호텔,35.16089956,129.1664824
해운대센트럴호텔,35.16094603,129.167194
호텔벨리아,35.16125102,129.1666513
해운대네이티브게스트하우스,35.1644544,129.1679985
